-- phpMyAdmin SQL Dump
-- version 4.7.7
-- https://www.phpmyadmin.net/
--
-- Host: 127.0.0.1
-- Generation Time: May 14, 2018 at 01:31 PM
-- Server version: 10.1.30-MariaDB
-- PHP Version: 7.2.2

SET SQL_MODE = "NO_AUTO_VALUE_ON_ZERO";
SET AUTOCOMMIT = 0;
START TRANSACTION;
SET time_zone = "+00:00";


/*!40101 SET @OLD_CHARACTER_SET_CLIENT=@@CHARACTER_SET_CLIENT */;
/*!40101 SET @OLD_CHARACTER_SET_RESULTS=@@CHARACTER_SET_RESULTS */;
/*!40101 SET @OLD_COLLATION_CONNECTION=@@COLLATION_CONNECTION */;
/*!40101 SET NAMES utf8mb4 */;

--
-- Database: `school`
--

-- --------------------------------------------------------

--
-- Table structure for table `classroom`
--

CREATE TABLE `classroom` (
  `cid` int(11) NOT NULL,
  `section` varchar(4) DEFAULT NULL,
  `standard` int(11) DEFAULT NULL
) ENGINE=InnoDB DEFAULT CHARSET=latin1;

--
-- Dumping data for table `classroom`
--

INSERT INTO `classroom` (`cid`, `section`, `standard`) VALUES
(101, 'a', 1),
(102, 'b', 1),
(103, 'a', 2),
(104, 'b', 2),
(201, 'a', 3),
(202, 'b', 3),
(203, 'a', 4),
(204, 'b', 4),
(301, 'a', 5),
(302, 'b', 5),
(303, 'a', 6),
(304, 'b', 6),
(401, 'a', 7),
(402, 'b', 7),
(403, 'a', 8),
(404, 'b', 8),
(501, 'a', 9),
(502, 'b', 9),
(503, 'a', 10),
(504, 'b', 10);

-- --------------------------------------------------------

--
-- Table structure for table `feedetails`
--

CREATE TABLE `feedetails` (
  `standard` int(11) NOT NULL,
  `fees` int(11) DEFAULT NULL,
  `install_amount` int(11) DEFAULT NULL
) ENGINE=InnoDB DEFAULT CHARSET=latin1;

--
-- Dumping data for table `feedetails`
--

INSERT INTO `feedetails` (`standard`, `fees`, `install_amount`) VALUES
(1, 9000, 3000),
(2, 9000, 3000),
(3, 12000, 4000),
(4, 12000, 4000),
(5, 15000, 5000),
(6, 18000, 6000),
(7, 21000, 7000),
(8, 24000, 8000),
(9, 27000, 9000),
(10, 30000, 10000);

-- --------------------------------------------------------

--
-- Table structure for table `grade`
--

CREATE TABLE `grade` (
  `sid` int(11) NOT NULL,
  `standard` int(11) NOT NULL,
  `tel` int(11) DEFAULT NULL,
  `hin` int(11) DEFAULT NULL,
  `eng` int(11) DEFAULT NULL,
  `math` int(11) DEFAULT NULL,
  `sci` int(11) DEFAULT NULL,
  `ss` int(11) DEFAULT NULL
) ENGINE=InnoDB DEFAULT CHARSET=latin1;

--
-- Dumping data for table `grade`
--

INSERT INTO `grade` (`sid`, `standard`, `tel`, `hin`, `eng`, `math`, `sci`, `ss`) VALUES
(1, 5, 6, 8, 8, 7, 8, 6),
(2, 6, 10, 6, 8, 10, 6, 10),
(3, 2, 7, 6, 8, 9, 8, 7),
(4, 1, 10, 8, 9, 6, 7, 10),
(5, 1, 7, 9, 6, 7, 6, 9),
(6, 4, 8, 7, 9, 6, 6, 7),
(7, 1, 10, 9, 6, 9, 10, 8),
(8, 9, 7, 8, 10, 6, 6, 6),
(9, 1, 8, 9, 6, 9, 6, 8),
(10, 3, 10, 7, 8, 7, 10, 10),
(11, 7, 6, 7, 8, 8, 6, 9),
(12, 6, 8, 9, 8, 8, 7, 9),
(13, 5, 9, 9, 8, 10, 10, 10),
(14, 3, 10, 9, 7, 10, 7, 6),
(15, 3, 9, 8, 6, 8, 9, 9),
(16, 4, 9, 9, 10, 10, 9, 10),
(17, 1, 9, 7, 9, 6, 9, 8),
(18, 7, 6, 6, 7, 7, 10, 6),
(19, 10, 10, 10, 7, 10, 9, 7),
(20, 2, 8, 6, 10, 6, 6, 8),
(21, 9, 7, 8, 10, 9, 10, 7),
(22, 10, 6, 7, 10, 10, 7, 9),
(23, 4, 7, 6, 9, 7, 10, 10),
(24, 10, 6, 9, 8, 6, 9, 9),
(25, 2, 8, 9, 6, 9, 8, 10),
(26, 8, 8, 9, 9, 10, 8, 10),
(27, 3, 9, 7, 10, 8, 9, 10),
(28, 9, 7, 7, 9, 9, 9, 10),
(29, 4, 10, 6, 9, 7, 10, 10),
(30, 3, 10, 9, 6, 9, 6, 7),
(31, 6, 8, 7, 8, 9, 10, 6),
(32, 1, 9, 10, 8, 8, 9, 10),
(33, 10, 6, 9, 10, 6, 9, 10),
(34, 2, 9, 10, 9, 6, 10, 9),
(35, 6, 6, 8, 10, 6, 8, 8),
(36, 1, 6, 9, 9, 10, 7, 9),
(37, 10, 10, 8, 8, 8, 6, 6),
(38, 5, 8, 7, 8, 8, 8, 8),
(39, 4, 8, 9, 8, 8, 7, 8),
(40, 3, 10, 7, 7, 6, 8, 7),
(41, 6, 6, 8, 6, 6, 9, 6),
(42, 8, 9, 8, 6, 7, 6, 6),
(43, 5, 10, 9, 8, 6, 8, 8),
(44, 1, 8, 9, 9, 9, 8, 8),
(45, 6, 7, 7, 9, 9, 7, 9),
(46, 7, 8, 6, 10, 7, 6, 6),
(47, 5, 7, 10, 6, 8, 7, 9),
(48, 4, 10, 8, 8, 10, 9, 10),
(49, 9, 7, 10, 6, 9, 7, 10),
(50, 1, 6, 7, 8, 6, 6, 6),
(51, 5, 10, 7, 6, 8, 8, 9),
(52, 9, 6, 9, 8, 7, 9, 9),
(53, 10, 6, 8, 6, 8, 6, 7),
(54, 9, 9, 10, 10, 10, 9, 10),
(55, 1, 8, 7, 9, 6, 9, 6),
(56, 9, 9, 8, 6, 9, 7, 6),
(57, 10, 10, 7, 8, 9, 8, 10),
(58, 8, 8, 6, 6, 9, 10, 7),
(59, 10, 9, 10, 7, 8, 9, 6),
(60, 3, 10, 6, 10, 9, 7, 6),
(61, 2, 8, 8, 7, 9, 7, 8),
(62, 3, 8, 6, 9, 6, 7, 8),
(63, 6, 9, 10, 7, 6, 6, 9),
(64, 9, 8, 8, 7, 9, 8, 9),
(65, 6, 10, 6, 8, 6, 6, 8),
(66, 7, 10, 10, 9, 7, 9, 10),
(67, 9, 9, 8, 10, 6, 8, 8),
(68, 1, 6, 10, 10, 7, 10, 6),
(69, 3, 8, 7, 7, 9, 9, 8),
(70, 4, 8, 9, 9, 9, 8, 8),
(71, 1, 6, 10, 7, 10, 6, 8),
(72, 6, 8, 9, 6, 8, 6, 9),
(73, 2, 7, 9, 7, 6, 10, 8),
(74, 1, 8, 8, 9, 10, 7, 7),
(75, 6, 7, 8, 8, 9, 7, 9),
(76, 2, 9, 10, 9, 8, 7, 6),
(77, 5, 6, 8, 9, 8, 7, 6),
(78, 6, 6, 6, 10, 10, 8, 10),
(79, 1, 6, 10, 10, 9, 7, 9),
(80, 5, 8, 8, 9, 10, 8, 8),
(81, 1, 10, 8, 10, 7, 9, 8),
(82, 1, 9, 10, 8, 8, 9, 7),
(83, 5, 9, 10, 6, 8, 7, 8),
(84, 8, 6, 9, 6, 6, 9, 9),
(85, 2, 6, 6, 7, 7, 6, 6),
(86, 3, 10, 8, 10, 7, 10, 7),
(87, 9, 9, 7, 8, 8, 7, 10),
(88, 3, 9, 10, 7, 6, 6, 8),
(89, 6, 7, 8, 10, 8, 7, 7),
(90, 1, 8, 7, 8, 8, 10, 6),
(91, 3, 7, 6, 8, 6, 10, 7),
(92, 7, 6, 9, 7, 9, 6, 7),
(93, 2, 6, 7, 6, 6, 6, 9),
(94, 3, 9, 8, 9, 6, 6, 8),
(95, 10, 10, 10, 8, 10, 9, 8),
(96, 1, 6, 9, 10, 10, 9, 9),
(97, 9, 9, 10, 9, 8, 7, 8),
(98, 9, 9, 7, 10, 8, 8, 6),
(99, 4, 8, 8, 6, 8, 6, 9),
(100, 3, 9, 10, 10, 9, 10, 8),
(101, 1, 7, 9, 8, 10, 6, 8),
(102, 3, 9, 9, 9, 6, 9, 10),
(103, 9, 6, 9, 6, 8, 7, 8),
(104, 4, 9, 6, 7, 8, 10, 9),
(105, 10, 9, 6, 6, 9, 10, 7),
(106, 7, 7, 9, 8, 6, 9, 8),
(107, 10, 7, 6, 9, 6, 6, 10),
(108, 5, 6, 8, 10, 7, 8, 7),
(109, 6, 9, 8, 6, 10, 10, 7),
(110, 5, 7, 7, 6, 8, 8, 6),
(111, 7, 9, 7, 7, 8, 8, 7),
(112, 3, 10, 8, 9, 10, 7, 6),
(113, 9, 6, 6, 8, 9, 10, 10),
(114, 10, 10, 8, 8, 7, 10, 8),
(115, 7, 7, 6, 7, 10, 8, 7),
(116, 7, 7, 6, 6, 6, 9, 10),
(117, 8, 9, 7, 9, 9, 10, 9),
(118, 2, 8, 10, 7, 6, 7, 10),
(119, 1, 7, 10, 9, 9, 7, 9),
(120, 1, 8, 6, 8, 7, 10, 7),
(121, 3, 9, 7, 10, 7, 9, 10),
(122, 1, 10, 10, 9, 10, 8, 8),
(123, 10, 9, 9, 6, 9, 7, 6),
(124, 1, 7, 6, 10, 6, 6, 9),
(125, 6, 7, 7, 7, 8, 10, 9),
(126, 1, 8, 8, 8, 6, 7, 9),
(127, 3, 6, 6, 9, 9, 7, 7),
(128, 2, 7, 9, 9, 10, 10, 8),
(129, 2, 7, 8, 7, 8, 9, 10),
(130, 2, 8, 9, 8, 9, 8, 10),
(131, 8, 9, 10, 10, 7, 8, 9),
(132, 8, 7, 8, 9, 6, 6, 10),
(133, 9, 9, 10, 7, 6, 8, 8),
(134, 1, 10, 10, 10, 7, 9, 6),
(135, 7, 6, 8, 6, 6, 6, 10),
(136, 6, 10, 7, 7, 9, 8, 10),
(137, 9, 6, 10, 8, 7, 8, 10),
(138, 2, 7, 10, 8, 8, 9, 7),
(139, 10, 9, 7, 9, 10, 9, 7),
(140, 2, 8, 10, 6, 7, 9, 6),
(141, 7, 10, 6, 9, 8, 7, 10),
(142, 2, 10, 7, 7, 10, 7, 8),
(143, 7, 6, 7, 8, 8, 7, 7),
(144, 2, 9, 9, 8, 10, 9, 7),
(145, 9, 9, 10, 8, 10, 8, 10),
(146, 4, 10, 9, 10, 7, 10, 6),
(147, 9, 6, 8, 8, 6, 8, 7),
(148, 8, 9, 10, 8, 7, 7, 8),
(149, 10, 6, 10, 6, 8, 9, 10),
(150, 7, 7, 6, 8, 9, 9, 7),
(151, 5, 6, 8, 9, 9, 10, 10),
(152, 10, 8, 6, 10, 9, 7, 10),
(153, 9, 8, 6, 7, 9, 6, 10),
(154, 10, 6, 9, 10, 9, 10, 10),
(155, 6, 10, 10, 9, 7, 7, 10),
(156, 10, 9, 10, 8, 7, 7, 8),
(157, 1, 6, 8, 7, 6, 8, 7),
(158, 8, 8, 9, 9, 9, 8, 10),
(159, 10, 10, 8, 7, 7, 9, 10),
(160, 7, 6, 9, 8, 10, 7, 6),
(161, 6, 8, 6, 6, 8, 7, 6),
(162, 1, 9, 9, 6, 8, 9, 9),
(163, 4, 7, 9, 6, 6, 10, 8),
(164, 8, 7, 9, 9, 10, 9, 10),
(165, 9, 7, 6, 9, 7, 8, 10),
(166, 2, 6, 9, 8, 9, 8, 8),
(167, 5, 6, 9, 10, 8, 10, 8),
(168, 4, 10, 7, 7, 9, 7, 6),
(169, 7, 8, 9, 10, 7, 10, 6),
(170, 2, 7, 8, 9, 10, 9, 9),
(171, 7, 8, 8, 8, 7, 9, 8),
(172, 1, 7, 9, 8, 8, 8, 6),
(173, 7, 10, 6, 7, 9, 6, 10),
(174, 2, 9, 6, 10, 9, 8, 8),
(175, 1, 9, 10, 9, 7, 7, 10),
(176, 5, 7, 10, 10, 9, 6, 6),
(177, 2, 8, 7, 8, 10, 10, 9),
(178, 6, 7, 6, 9, 6, 8, 9),
(179, 8, 10, 7, 7, 8, 7, 9),
(180, 6, 7, 10, 8, 10, 7, 6),
(181, 4, 10, 9, 10, 6, 7, 9),
(182, 1, 10, 6, 7, 6, 8, 10),
(183, 2, 6, 7, 9, 7, 9, 10),
(184, 8, 6, 7, 9, 7, 7, 8),
(185, 8, 9, 9, 10, 10, 10, 9),
(186, 2, 7, 7, 10, 9, 6, 6),
(187, 6, 6, 8, 7, 7, 8, 7),
(188, 6, 6, 8, 6, 7, 6, 10),
(189, 9, 10, 8, 9, 9, 10, 8),
(190, 1, 8, 9, 10, 7, 6, 7),
(191, 9, 7, 9, 8, 8, 7, 8),
(192, 4, 9, 9, 8, 9, 7, 8),
(193, 1, 9, 8, 10, 8, 10, 8),
(194, 9, 9, 6, 8, 8, 10, 7),
(195, 8, 8, 8, 7, 9, 10, 10),
(196, 10, 6, 6, 8, 6, 8, 9),
(197, 5, 9, 10, 10, 7, 6, 10),
(198, 6, 6, 9, 8, 10, 9, 9),
(199, 6, 8, 10, 9, 9, 8, 6),
(200, 8, 6, 7, 9, 8, 10, 10),
(201, 10, 10, 9, 7, 8, 9, 7),
(202, 2, 6, 10, 7, 9, 10, 8),
(203, 3, 9, 7, 8, 6, 7, 7),
(204, 3, 7, 10, 9, 9, 8, 7),
(205, 4, 9, 10, 7, 7, 7, 6),
(206, 9, 8, 7, 7, 6, 8, 10),
(207, 2, 8, 7, 10, 9, 7, 8),
(208, 4, 8, 7, 6, 9, 8, 9),
(209, 7, 9, 7, 10, 9, 7, 7),
(210, 5, 10, 6, 9, 10, 7, 8),
(211, 9, 10, 10, 10, 10, 8, 8),
(212, 10, 6, 9, 8, 10, 10, 8),
(213, 4, 8, 10, 9, 9, 9, 10),
(214, 6, 8, 8, 10, 9, 10, 9),
(215, 1, 8, 9, 8, 8, 8, 6),
(216, 8, 10, 10, 7, 10, 10, 10),
(217, 1, 7, 6, 8, 7, 8, 6),
(218, 6, 6, 8, 9, 6, 7, 10),
(219, 5, 6, 7, 6, 9, 10, 8),
(220, 2, 6, 6, 10, 10, 7, 10),
(221, 1, 10, 9, 7, 9, 6, 9),
(222, 5, 7, 8, 7, 10, 6, 8),
(223, 10, 9, 6, 8, 8, 6, 10),
(224, 7, 6, 7, 10, 6, 6, 7),
(225, 2, 10, 8, 9, 9, 7, 7),
(226, 8, 7, 10, 8, 6, 6, 8),
(227, 5, 7, 10, 6, 9, 6, 10),
(228, 7, 10, 6, 7, 7, 6, 9),
(229, 10, 7, 7, 10, 7, 8, 7),
(230, 9, 9, 6, 6, 9, 9, 10),
(231, 4, 8, 9, 9, 6, 9, 9),
(232, 4, 9, 9, 6, 10, 8, 7),
(233, 6, 10, 10, 10, 7, 6, 10),
(234, 1, 8, 8, 8, 7, 7, 8),
(235, 7, 10, 8, 7, 8, 7, 10),
(236, 9, 10, 10, 10, 10, 10, 10),
(237, 3, 9, 7, 8, 8, 9, 8),
(238, 6, 7, 10, 7, 10, 8, 8),
(239, 1, 8, 6, 10, 9, 8, 10),
(240, 2, 7, 9, 9, 7, 10, 8),
(241, 9, 7, 8, 6, 6, 10, 9),
(242, 8, 7, 10, 6, 9, 6, 9),
(243, 1, 6, 6, 10, 7, 8, 9),
(244, 3, 10, 6, 7, 10, 8, 9),
(245, 8, 10, 8, 9, 7, 8, 10),
(246, 4, 6, 9, 8, 6, 10, 9),
(247, 4, 10, 8, 8, 8, 6, 9),
(248, 3, 10, 7, 6, 6, 6, 6),
(249, 9, 6, 6, 10, 10, 9, 7),
(250, 5, 6, 10, 8, 8, 6, 8),
(251, 4, 7, 6, 6, 7, 7, 8),
(252, 10, 7, 6, 7, 10, 7, 9),
(253, 8, 8, 7, 9, 9, 7, 7),
(254, 2, 7, 8, 6, 10, 6, 7),
(255, 10, 6, 10, 6, 8, 9, 7),
(256, 7, 7, 8, 7, 7, 8, 9),
(257, 6, 10, 6, 9, 9, 8, 6),
(258, 1, 7, 8, 8, 8, 6, 8),
(259, 7, 7, 8, 9, 7, 6, 7),
(260, 9, 10, 10, 8, 6, 9, 8),
(261, 9, 8, 10, 8, 10, 6, 9),
(262, 10, 6, 8, 7, 8, 8, 10),
(263, 7, 9, 10, 7, 9, 9, 7),
(264, 1, 9, 7, 7, 7, 10, 10),
(265, 1, 10, 10, 8, 10, 9, 6),
(266, 1, 10, 9, 7, 6, 7, 9),
(267, 8, 8, 10, 7, 9, 7, 10),
(268, 3, 8, 8, 7, 10, 7, 9),
(269, 2, 10, 8, 6, 8, 10, 7),
(270, 9, 9, 10, 9, 7, 6, 10),
(271, 1, 10, 8, 9, 9, 6, 6),
(272, 1, 9, 8, 7, 9, 8, 6),
(273, 10, 8, 9, 7, 7, 9, 7),
(274, 9, 7, 7, 7, 8, 10, 9),
(275, 3, 6, 8, 10, 10, 9, 8),
(276, 1, 10, 6, 10, 7, 10, 6),
(277, 3, 10, 7, 8, 10, 7, 9),
(278, 1, 8, 9, 6, 7, 8, 6),
(279, 6, 10, 8, 8, 9, 9, 7),
(280, 7, 10, 6, 6, 8, 8, 10),
(281, 8, 7, 9, 9, 10, 6, 8),
(282, 8, 9, 10, 9, 10, 8, 8),
(283, 4, 10, 9, 8, 8, 8, 6),
(284, 6, 7, 6, 10, 10, 10, 6),
(285, 7, 8, 8, 7, 9, 6, 8),
(286, 1, 10, 8, 10, 6, 6, 10),
(287, 9, 7, 8, 9, 9, 6, 10),
(288, 8, 8, 8, 6, 8, 9, 9),
(289, 5, 7, 10, 10, 8, 10, 8),
(290, 1, 6, 9, 7, 6, 10, 10),
(291, 1, 9, 8, 9, 7, 9, 8),
(292, 4, 6, 6, 9, 7, 8, 9),
(293, 7, 9, 7, 10, 6, 10, 6),
(294, 3, 9, 6, 8, 7, 10, 9),
(295, 4, 7, 7, 10, 6, 10, 10),
(296, 5, 10, 8, 9, 7, 10, 10),
(297, 6, 8, 9, 10, 6, 6, 10),
(298, 1, 8, 8, 10, 6, 9, 6),
(299, 3, 9, 6, 7, 10, 6, 9),
(300, 6, 8, 6, 9, 9, 9, 7),
(301, 6, 10, 10, 8, 8, 9, 7),
(302, 8, 10, 6, 8, 9, 8, 6);

-- --------------------------------------------------------

--
-- Table structure for table `parent`
--

CREATE TABLE `parent` (
  `sid` int(11) DEFAULT NULL,
  `pname` varchar(50) DEFAULT NULL,
  `pid` int(11) NOT NULL,
  `occupation` varchar(50) DEFAULT NULL,
  `email` varchar(40) DEFAULT NULL,
  `phno` bigint(20) DEFAULT NULL
) ENGINE=InnoDB DEFAULT CHARSET=latin1;

--
-- Dumping data for table `parent`
--

INSERT INTO `parent` (`sid`, `pname`, `pid`, `occupation`, `email`, `phno`) VALUES
(1, 'Wei', 1, 'Accountant (general)', 'Wei@hotmail.com', 9925225983),
(2, 'Wilscy', 2, 'Accounts clerk', 'Wilscy@live.com', 9823568898),
(3, 'Xavier', 3, 'Actor', 'Xavier@mac.com', 9885011460),
(4, 'Yashwanth', 4, 'Actuary', 'Yashwanth@outlook.com', 9906115078),
(5, 'Yenatfanta', 5, 'Acupuncturist', 'Yenatfanta@aol.com', 9969697288),
(6, 'Yuanhao', 6, 'Advertising specialist', 'Yuanhao@me.com', 9860786699),
(7, 'Zada', 7, 'Aeronautical engineer', 'Zada@verizon.net', 9839830030),
(8, 'Zeyar', 8, 'Aeroplane pilot', 'Zeyar@yahoo.ca', 9849383442),
(9, 'Zhanga', 9, 'Aged care worker', 'Zhanga@sbcglobal.net', 9827815442),
(10, 'Zhaoa', 10, 'Agricultural consultant', 'Zhaoa@yahoo.com', 9934399506),
(11, 'Vijender', 11, 'Agricultural engineer', 'Vijender@yahoo.ca', 9912773141),
(12, 'Vincent', 12, 'Agricultural scientist', 'Vincent@mac.com', 9938284565),
(13, 'Vinod', 13, 'Air combat officer', 'Vinod@gmail.com', 9904736279),
(14, 'Vipul', 14, 'General clerk', 'Vipul@att.net', 9985991702),
(15, 'Vishal', 15, 'General medical practitioner', 'Vishal@optonline.net', 9956751068),
(16, 'Vishwakarma', 16, 'Geologist', 'Vishwakarma@msn.com', 9802820636),
(17, 'Visu', 17, 'Geophysicist', 'Visu@hotmail.com', 9842514461),
(18, 'Vuppala', 18, 'Human resource manager', 'Vuppala@verizon.net', 9900909597),
(19, 'Waad', 19, 'Hydrologist', 'Waad@sbcglobal.net', 9879137312),
(20, 'Wahi', 20, 'Law clerk', 'Wahi@yahoo.com', 9815161888),
(21, 'Udhayakumar', 21, 'Legal secretary', 'Udhayakumar@msn.com', 9921914402),
(22, 'Uma', 22, 'Dental therapist', 'Uma@yahoo.com', 9865609762),
(23, 'Umadevi', 23, 'Dentist', 'Umadevi@outlook.com', 9941943332),
(24, 'Umamaheswari', 24, 'Dermatologist', 'Umamaheswari@hotmail.com', 9942903333),
(25, 'Vadivelou', 25, 'Teacher', 'Vadivelou@optonline.net', 9862901285),
(26, 'Vaidehi', 26, 'Lecturer', 'Vaidehi@hotmail.com', 9828077095),
(27, 'Vaibhav', 27, 'Professor', 'Vaibhav@outlook.com', 9915403816),
(28, 'Vamsi', 28, 'Engineer', 'Vamsi@verizon.net', 9937761320),
(29, 'Varun', 29, 'Govt Official', 'Varun@mac.com', 9898260010),
(30, 'Veda', 30, 'Indian Service', 'Veda@sbcglobal.net', 9829452333),
(31, 'Sudipta', 31, 'Accountant (general)', 'Sudipta@outlook.com', 9838441521),
(32, 'Suganya', 32, 'Accounts clerk', 'Suganya@me.com', 9808497203),
(33, 'Sugney', 33, 'Actor', 'Sugney@comcast.net', 9970384947),
(34, 'Suhanya', 34, 'Actuary', 'Suhanya@hotmail.com', 9860215859),
(35, 'Suhas', 35, 'Acupuncturist', 'Suhas@icloud.com', 9815118387),
(36, 'Suhil', 36, 'Advertising specialist', 'Suhil@verizon.net', 9854455863),
(37, 'Sukumaran', 37, 'Aeronautical engineer', 'Sukumaran@gmail.com', 9955371064),
(38, 'Sumalatha', 38, 'Aeroplane pilot', 'Sumalatha@me.com', 9975693370),
(39, 'Suman', 39, 'Aged care worker', 'Suman@msn.com', 9965372987),
(40, 'Tanmay', 40, 'Agricultural consultant', 'Tanmay@yahoo.ca', 9925577790),
(41, 'Taraneenadh', 41, 'Agricultural engineer', 'Taraneenadh@att.net', 9891627583),
(42, 'Tarang', 42, 'Agricultural scientist', 'Tarang@gmail.com', 9947754051),
(43, 'Tawfik', 43, 'Air combat officer', 'Tawfik@hotmail.com', 9980172355),
(44, 'Thakur', 44, 'General clerk', 'Thakur@att.net', 9894852166),
(45, 'Thamarai', 45, 'General medical practitioner', 'Thamarai@yahoo.com', 9821765340),
(46, 'Tarang', 46, 'Geologist', 'Tarang@live.com', 9911190104),
(47, 'Tirthankar', 47, 'Geophysicist', 'Tirthankar@me.com', 9842283613),
(48, 'Tiruvenkadam', 48, 'Human resource manager', 'Tiruvenkadam@icloud.com', 9932425311),
(49, 'Triny', 49, 'Hydrologist', 'Triny@outlook.com', 9876568674),
(50, 'Uddin', 50, 'Law clerk', 'Uddin@att.net', 9921279587),
(51, 'Shreyas', 51, 'Legal secretary', 'Shreyas@verizon.net', 9939582563),
(52, 'Shreyasi', 52, 'Dental therapist', 'Shreyasi@sbcglobal.net', 9947858533),
(53, 'Shrivastava', 53, 'Dentist', 'Shrivastava@att.net', 9856092263),
(54, 'Shyamala', 54, 'Dermatologist', 'Shyamala@aol.com', 9865370730),
(55, 'Sibansu', 55, 'Teacher', 'Sibansu@mac.com', 9877100139),
(56, 'Simon', 56, 'Lecturer', 'Simon@msn.com', 9866040426),
(57, 'Singh', 57, 'Professor', 'Singh@aol.com', 9865163374),
(58, 'Singla', 58, 'Engineer', 'Singla@icloud.com', 9867669616),
(59, 'Subetha', 59, 'Govt Official', 'Subetha@aol.com', 9917240438),
(60, 'Subramanian', 60, 'Indian Service', 'Subramanian@outlook.com', 9964843127),
(61, 'Ravichandran', 61, 'Accountant (general)', 'Ravichandran@me.com', 9949662841),
(62, 'Reilly', 62, 'Accounts clerk', 'Reilly@msn.com', 9977267837),
(63, 'Rekha', 63, 'Actor', 'Rekha@gmail.com', 9882366590),
(64, 'Renuga', 64, 'Actuary', 'Renuga@comcast.net', 9938370688),
(65, 'Rezaei', 65, 'Acupuncturist', 'Rezaei@icloud.com', 9938636417),
(66, 'Riju', 66, 'Advertising specialist', 'Riju@sbcglobal.net', 9819651200),
(67, 'Rimi', 67, 'Aeronautical engineer', 'Rimi@mac.com', 9987753091),
(68, 'Ritu', 68, 'Aeroplane pilot', 'Ritu@live.com', 9993353347),
(69, 'Robert', 69, 'Aged care worker', 'Robert@outlook.com', 9975116420),
(70, 'Rohit', 70, 'Agricultural consultant', 'Rohit@yahoo.com', 9820557441),
(71, 'Sandeep', 71, 'Agricultural engineer', 'Sandeep@mac.com', 9837576840),
(72, 'Sangeetha', 72, 'Agricultural scientist', 'Sangeetha@aol.com', 9840455817),
(73, 'Sanjeev', 73, 'Air combat officer', 'Sanjeev@optonline.net', 9853959304),
(74, 'Sankaran', 74, 'General clerk', 'Sankaran@live.com', 9900697741),
(75, 'Shantharamu', 75, 'General medical practitioner', 'Shantharamu@yahoo.ca', 9814718094),
(76, 'Sharath', 76, 'Geologist', 'Sharath@mac.com', 9883093649),
(77, 'Sharma', 77, 'Geophysicist', 'Sharma@msn.com', 9834040979),
(78, 'Shashikala', 78, 'Human resource manager', 'Shashikala@me.com', 9874236054),
(79, 'Sheela', 79, 'Hydrologist', 'Sheela@att.net', 9974958231),
(80, 'Shreya', 80, 'Law clerk', 'Shreya@hotmail.com', 9895359646),
(81, 'Raju', 81, 'Legal secretary', 'Raju@aol.com', 9834525856),
(82, 'Rakesh', 82, 'Dental therapist', 'Rakesh@gmail.com', 9905984673),
(83, 'Raksha', 83, 'Dentist', 'Raksha@icloud.com', 9921963170),
(84, 'Ram', 84, 'Dermatologist', 'Ram@sbcglobal.net', 9850234531),
(85, 'Ramachandran', 85, 'Teacher', 'Ramachandran@mac.com', 9928014500),
(86, 'Ranga', 86, 'Lecturer', 'Ranga@icloud.com', 9984949925),
(87, 'Rangasamy', 87, 'Professor', 'Rangasamy@live.com', 9866406054),
(88, 'Rani', 88, 'Engineer', 'Rani@hotmail.com', 9918539430),
(89, 'Rao', 89, 'Govt Official', 'Rao@yahoo.ca', 9991754408),
(90, 'Ravi', 90, 'Indian Service', 'Ravi@sbcglobal.net', 9846885033),
(91, 'Perumalsamy', 91, 'Accountant (general)', 'Perumalsamy@sbcglobal.net', 9968904359),
(92, 'Pesaranghader', 92, 'Accounts clerk', 'Pesaranghader@optonline.net', 9997955243),
(93, 'Pethalakshmi', 93, 'Actor', 'Pethalakshmi@live.com', 9828175532),
(94, 'Philip', 94, 'Actuary', 'Philip@comcast.net', 9861453997),
(95, 'Philomina', 95, 'Acupuncturist', 'Philomina@att.net', 9865460910),
(96, 'Ponnusamy', 96, 'Advertising specialist', 'Ponnusamy@me.com', 9814389419),
(97, 'Pooja', 97, 'Aeronautical engineer', 'Pooja@att.net', 9941706419),
(98, 'Poonam', 98, 'Aeroplane pilot', 'Poonam@live.com', 9948717237),
(99, 'Poongodi', 99, 'Aged care worker', 'Poongodi@me.com', 9835076278),
(100, 'Poornima', 100, 'Agricultural consultant', 'Poornima@mac.com', 9959112375),
(101, 'Prabha', 101, 'Agricultural engineer', 'Prabha@hotmail.com', 9850350776),
(102, 'Prabhu', 102, 'Agricultural scientist', 'Prabhu@msn.com', 9835189943),
(103, 'Pradeep', 103, 'Air combat officer', 'Pradeep@mac.com', 9916072630),
(104, 'Pragya', 104, 'General clerk', 'Pragya@icloud.com', 9851830459),
(105, 'Prakash', 105, 'General medical practitioner', 'Prakash@msn.com', 9971403963),
(106, 'Prasad', 106, 'Geologist', 'Prasad@msn.com', 9881891006),
(107, 'Prasanthi', 107, 'Geophysicist', 'Prasanthi@msn.com', 9908968638),
(108, 'Prasath', 108, 'Human resource manager', 'Prasath@optonline.net', 9926022337),
(109, 'Prasenjit', 109, 'Hydrologist', 'Prasenjit@live.com', 9884141761),
(110, 'Prashanth', 110, 'Law clerk', 'Prashanth@yahoo.ca', 9956174529),
(111, 'Pratibha', 111, 'Legal secretary', 'Pratibha@yahoo.ca', 9848246980),
(112, 'Prudhvi', 112, 'Dental therapist', 'Prudhvi@hotmail.com', 9910246597),
(113, 'Rajendra', 113, 'Dentist', 'Rajendra@me.com', 9998522050),
(114, 'Rajendran', 114, 'Dermatologist', 'Rajendran@yahoo.com', 9975525067),
(115, 'Rajesh', 115, 'Teacher', 'Rajesh@sbcglobal.net', 9990184140),
(116, 'Rajeshkannan', 116, 'Lecturer', 'Rajeshkannan@hotmail.com', 9938194124),
(117, 'Rajeswari', 117, 'Professor', 'Rajeswari@aol.com', 9923427537),
(118, 'Rajinder', 118, 'Engineer', 'Rajinder@msn.com', 9829640915),
(119, 'Rajinikanth', 119, 'Govt Official', 'Rajinikanth@me.com', 9860981461),
(120, 'Rajiv', 120, 'Indian Service', 'Rajiv@optonline.net', 9973085398),
(121, 'Narendran', 121, 'Accountant (general)', 'Narendran@msn.com', 9853693656),
(122, 'Naseema', 122, 'Accounts clerk', 'Naseema@aol.com', 9907501785),
(123, 'Nasrullah', 123, 'Actor', 'Nasrullah@live.com', 9898797274),
(124, 'Nayak', 124, 'Actuary', 'Nayak@msn.com', 9827183324),
(125, 'Nazirabegum', 125, 'Acupuncturist', 'Nazirabegum@yahoo.ca', 9902839004),
(126, 'Nelson', 126, 'Advertising specialist', 'Nelson@msn.com', 9995037406),
(127, 'Neupane', 127, 'Aeronautical engineer', 'Neupane@outlook.com', 9803369695),
(128, 'Nidhi', 128, 'Aeroplane pilot', 'Nidhi@me.com', 9866504928),
(129, 'Nikita', 129, 'Aged care worker', 'Nikita@att.net', 9912640737),
(130, 'Padmavathi', 130, 'Agricultural consultant', 'Padmavathi@me.com', 9996495074),
(131, 'Paheli', 131, 'Agricultural engineer', 'Paheli@yahoo.com', 9839811811),
(132, 'Pal', 132, 'Agricultural scientist', 'Pal@gmail.com', 9880812770),
(133, 'Palaniappan', 133, 'Air combat officer', 'Palaniappan@optonline.net', 9962219236),
(134, 'Palanisamy', 134, 'General clerk', 'Palanisamy@mac.com', 9969967846),
(135, 'Pallavi', 135, 'General medical practitioner', 'Pallavi@msn.com', 9871968487),
(136, 'Pallikonda', 136, 'Geologist', 'Pallikonda@mac.com', 9906816232),
(137, 'Paritosh', 137, 'Geophysicist', 'Paritosh@icloud.com', 9983140073),
(138, 'Pavani', 138, 'Human resource manager', 'Pavani@comcast.net', 9849719529),
(139, 'Pazhanikumar', 139, 'Hydrologist', 'Pazhanikumar@yahoo.com', 9977109225),
(140, 'Perera', 140, 'Law clerk', 'Perera@gmail.com', 9996819177),
(141, 'Manish', 141, 'Legal secretary', 'Manish@mac.com', 9929368304),
(142, 'Manjira', 142, 'Dental therapist', 'Manjira@icloud.com', 9828349169),
(143, 'Manju', 143, 'Dentist', 'Manju@att.net', 9875715827),
(144, 'Manjuladevi', 144, 'Dermatologist', 'Manjuladevi@icloud.com', 9992973044),
(145, 'Manjunath', 145, 'Teacher', 'Manjunath@aol.com', 9906993907),
(146, 'Manjunatha', 146, 'Lecturer', 'Manjunatha@yahoo.com', 9822838517),
(147, 'Manjup', 147, 'Professor', 'Manjup@me.com', 9915691768),
(148, 'Manoj', 148, 'Engineer', 'Manoj@hotmail.com', 9823317753),
(149, 'Manupriya', 149, 'Govt Official', 'Manupriya@yahoo.ca', 9811097339),
(150, 'Marati', 150, 'Indian Service', 'Marati@msn.com', 9845733630),
(151, 'Marimuthu', 151, 'Indian Service', 'Marimuthu@mac.com', 9970522882),
(152, 'Marshal', 152, 'Accountant (general)', 'Marshal@att.net', 9972159235),
(153, 'Nallaperumal', 153, 'Accounts clerk', 'Nallaperumal@live.com', 9905475843),
(154, 'Nanda', 154, 'Actor', 'Nanda@gmail.com', 9815831815),
(155, 'Nandini', 155, 'Actuary', 'Nandini@verizon.net', 9839474440),
(156, 'Nandu', 156, 'Acupuncturist', 'Nandu@aol.com', 9820101897),
(157, 'Napoleon', 157, 'Advertising specialist', 'Napoleon@live.com', 9850965258),
(158, 'Narashimhamurthy', 158, 'Aeronautical engineer', 'Narashimhamurthy@gmail.com', 9978024205),
(159, 'Narasimhamurthy', 159, 'Aeroplane pilot', 'Narasimhamurthy@comcast.net', 9862413581),
(160, 'Narayanan', 160, 'Aged care worker', 'Narayanan@sbcglobal.net', 9974253841),
(161, 'Karmakar', 161, 'Agricultural consultant', 'Karmakar@yahoo.ca', 9853298449),
(162, 'kathirvalavakumar', 162, 'Agricultural engineer', 'kathirvalavakumar@optonline.net', 9914518803),
(163, 'Kathrotia', 163, 'Agricultural scientist', 'Kathrotia@msn.com', 9846816534),
(164, 'Katiravan', 164, 'Air combat officer', 'Katiravan@verizon.net', 9930213655),
(165, 'Kaur', 165, 'General clerk', 'Kaur@hotmail.com', 9828966682),
(166, 'Kaushik', 166, 'General medical practitioner', 'Kaushik@hotmail.com', 9997615387),
(167, 'Kavitha', 167, 'Geologist', 'Kavitha@sbcglobal.net', 9834738972),
(168, 'Kesavaraj', 168, 'Geophysicist', 'Kesavaraj@gmail.com', 9833391901),
(169, 'Khasnobish', 169, 'Human resource manager', 'Khasnobish@verizon.net', 9900072732),
(170, 'Lakshmi', 170, 'Hydrologist', 'Lakshmi@yahoo.ca', 9846074651),
(171, 'Latha', 171, 'Law clerk', 'Latha@hotmail.com', 9946197282),
(172, 'Lavanya', 172, 'Legal secretary', 'Lavanya@verizon.net', 9973515556),
(173, 'Lawrence', 173, 'Dental therapist', 'Lawrence@optonline.net', 9850933028),
(174, 'Lebogang', 174, 'Dentist', 'Lebogang@verizon.net', 9874494758),
(175, 'Lee', 175, 'Dermatologist', 'Lee@yahoo.com', 9841153318),
(176, 'Lehal', 176, 'Teacher', 'Lehal@icloud.com', 9867088169),
(177, 'Leo', 177, 'Lecturer', 'Leo@sbcglobal.net', 9953017642),
(178, 'Lertnattee', 178, 'Professor', 'Lertnattee@mac.com', 9818133804),
(179, 'Lija', 179, 'Engineer', 'Lija@gmail.com', 9976668463),
(180, 'Limam', 180, 'Govt Official', 'Limam@msn.com', 9980408627),
(181, 'Harriet', 181, 'Indian Service', 'Harriet@optonline.net', 9812650292),
(182, 'Harun', 182, 'Accountant (general)', 'Harun@optonline.net', 9831170870),
(183, 'Hasija', 183, 'Accounts clerk', 'Hasija@comcast.net', 9908778808),
(184, 'Hee', 184, 'Actor', 'Hee@optonline.net', 9807313210),
(185, 'Hema', 185, 'Actuary', 'Hema@gmail.com', 9871755066),
(186, 'Hemalatha', 186, 'Acupuncturist', 'Hemalatha@msn.com', 9974699325),
(187, 'Hemant', 187, 'Advertising specialist', 'Hemant@live.com', 9987487549),
(188, 'Hima', 188, 'Aeronautical engineer', 'Hima@aol.com', 9803960127),
(189, 'Hrishikesh', 189, 'Aeroplane pilot', 'Hrishikesh@msn.com', 9851139389),
(190, 'Ilango', 190, 'Aged care worker', 'Ilango@msn.com', 9933801792),
(191, 'Ilavarasan', 191, 'Agricultural consultant', 'Ilavarasan@att.net', 9930729284),
(192, 'Inbarani', 192, 'Agricultural engineer', 'Inbarani@att.net', 9848065861),
(193, 'Indhumathi', 193, 'Agricultural scientist', 'Indhumathi@live.com', 9944898885),
(194, 'Isaac', 194, 'Air combat officer', 'Isaac@optonline.net', 9872321019),
(195, 'Ishan', 195, 'General clerk', 'Ishan@hotmail.com', 9946532680),
(196, 'Jabert', 196, 'General medical practitioner', 'Jabert@comcast.net', 9883672388),
(197, 'Jacob', 197, 'Geologist', 'Jacob@yahoo.ca', 9888795460),
(198, 'Jafar', 198, 'Geophysicist', 'Jafar@yahoo.com', 9873851718),
(199, 'Jayasimman', 199, 'Human resource manager', 'Jayasimman@mac.com', 9926987596),
(200, 'Jebakumari', 200, 'Hydrologist', 'Jebakumari@aol.com', 9922555213),
(201, 'Jeethu', 201, 'Law clerk', 'Jeethu@verizon.net', 9998544718),
(202, 'Jeeva', 202, 'Legal secretary', 'Jeeva@optonline.net', 9890763087),
(203, 'Jeevana', 203, 'Dental therapist', 'Jeevana@outlook.com', 9824003406),
(204, 'Jeya', 204, 'Dentist', 'Jeya@verizon.net', 9867397457),
(205, 'Jeyaran', 205, 'Dermatologist', 'Jeyaran@yahoo.ca', 9867259218),
(206, 'Kalaivani', 206, 'Teacher', 'Kalaivani@att.net', 9843849556),
(207, 'Kalavathi', 207, 'Lecturer', 'Kalavathi@optonline.net', 9902985044),
(208, 'Kamal', 208, 'Professor', 'Kamal@yahoo.com', 9929757014),
(209, 'Kanduri', 209, 'Engineer', 'Kanduri@msn.com', 9843440472),
(210, 'Kannan', 210, 'Govt Official', 'Kannan@me.com', 9913305945),
(211, 'Ezhilarasan', 211, 'Indian Service', 'Ezhilarasan@aol.com', 9963774298),
(212, 'Ezhilarasi', 212, 'Accountant (general)', 'Ezhilarasi@att.net', 9809054556),
(213, 'Faisal', 213, 'Accounts clerk', 'Faisal@gmail.com', 9969323363),
(214, 'Fathima', 214, 'Actor', 'Fathima@gmail.com', 9998083940),
(215, 'Fatma', 215, 'Actuary', 'Fatma@yahoo.com', 9984532839),
(216, 'Femilda', 216, 'Acupuncturist', 'Femilda@gmail.com', 9844407148),
(217, 'Flemi', 217, 'Advertising specialist', 'Flemi@comcast.net', 9831396205),
(218, 'Francis', 218, 'Aeronautical engineer', 'Francis@me.com', 9906739053),
(219, 'Gandhimathi', 219, 'Aeroplane pilot', 'Gandhimathi@me.com', 9896405365),
(220, 'Ganesan', 220, 'Aged care worker', 'Ganesan@yahoo.ca', 9929215862),
(221, 'Ganeshan', 221, 'Agricultural consultant', 'Ganeshan@mac.com', 9803964791),
(222, 'Ganga', 222, 'Agricultural engineer', 'Ganga@verizon.net', 9926267256),
(223, 'Gangadharan', 223, 'Agricultural scientist', 'Gangadharan@yahoo.com', 9872126837),
(224, 'Gangwal', 224, 'Air combat officer', 'Gangwal@icloud.com', 9819723130),
(225, 'Gnanajothi', 225, 'General clerk', 'Gnanajothi@hotmail.com', 9947892091),
(226, 'Gnanapragasam', 226, 'General medical practitioner', 'Gnanapragasam@gmail.com', 9987405181),
(227, 'Gnanaraj', 227, 'Geologist', 'Gnanaraj@mac.com', 9871572352),
(228, 'Hari', 228, 'Geophysicist', 'Hari@outlook.com', 9981676416),
(229, 'Haritha', 229, 'Human resource manager', 'Haritha@msn.com', 9802907522),
(230, 'Harleen', 230, 'Hydrologist', 'Harleen@aol.com', 9864545154),
(231, 'Deepali', 231, 'Law clerk', 'Deepali@att.net', 9942038918),
(232, 'Deepthi', 232, 'Legal secretary', 'Deepthi@icloud.com', 9865950599),
(233, 'Devi', 233, 'Dental therapist', 'Devi@comcast.net', 9953019782),
(234, 'Dewan', 234, 'Dentist', 'Dewan@aol.com', 9873047943),
(235, 'Dhanalakshmi', 235, 'Dermatologist', 'Dhanalakshmi@hotmail.com', 9832816522),
(236, 'Dhanushkodi', 236, 'Teacher', 'Dhanushkodi@aol.com', 9899734411),
(237, 'Dharma', 237, 'Lecturer', 'Dharma@gmail.com', 9913409420),
(238, 'Dhavamany', 238, 'Professor', 'Dhavamany@sbcglobal.net', 9903291278),
(239, 'Durairaj', 239, 'Engineer', 'Durairaj@me.com', 9984921487),
(240, 'Dutta', 240, 'Govt Official', 'Dutta@msn.com', 9836226961),
(241, 'Duminy', 241, 'Indian Service', 'Duminy@live.com', 9850732434),
(242, 'Dwivedi', 242, 'Accountant (general)', 'Dwivedi@sbcglobal.net', 9962106257),
(243, 'Ebenezer', 243, 'Accounts clerk', 'Ebenezer@live.com', 9922497940),
(244, 'Edwin', 244, 'Actor', 'Edwin@sbcglobal.net', 9933012370),
(245, 'Egambaram', 245, 'Actuary', 'Egambaram@live.com', 9989892502),
(246, 'Elakkiya', 246, 'Acupuncturist', 'Elakkiya@verizon.net', 9840200086),
(247, 'Elango', 247, 'Advertising specialist', 'Elango@gmail.com', 9953147800),
(248, 'Elayaraja', 248, 'Aeronautical engineer', 'Elayaraja@optonline.net', 9913938324),
(249, 'Ephzibah', 249, 'Aeroplane pilot', 'Ephzibah@outlook.com', 9995158930),
(250, 'Essoussi', 250, 'Aged care worker', 'Essoussi@hotmail.com', 9977242529),
(251, 'Bhuvaneshwari', 251, 'Agricultural consultant', 'Bhuvaneshwari@aol.com', 9958754209),
(252, 'Chadhran', 252, 'Agricultural engineer', 'Chadhran@optonline.net', 9988776355),
(253, 'Chamundeswari', 253, 'Agricultural scientist', 'Chamundeswari@mac.com', 9835222440),
(254, 'Chacko Babu', 254, 'Air combat officer', 'Chacko Babu@me.com', 9938239402),
(255, 'Chandana', 255, 'General clerk', 'Chandana@icloud.com', 9802928044),
(256, 'Chandrasekhar', 256, 'General medical practitioner', 'Chandrasekhar@me.com', 9855475119),
(257, 'Chanisara', 257, 'Geologist', 'Chanisara@mac.com', 9979383219),
(258, 'Chauhan', 258, 'Geophysicist', 'Chauhan@gmail.com', 9936005044),
(259, 'Chhaya', 259, 'Human resource manager', 'Chhaya@aol.com', 9869632949),
(260, 'Chilagani', 260, 'Hydrologist', 'Chilagani@me.com', 9982888374),
(261, 'Chinju', 261, 'Law clerk', 'Chinju@icloud.com', 9933567927),
(262, 'Chitra', 262, 'Legal secretary', 'Chitra@gmail.com', 9978629045),
(263, 'Chitralegha', 263, 'Dental therapist', 'Chitralegha@yahoo.ca', 9921889721),
(264, 'Chomya', 264, 'Dentist', 'Chomya@gmail.com', 9813007292),
(265, 'Choudhary', 265, 'Dermatologist', 'Choudhary@live.com', 9944266684),
(266, 'Clement', 266, 'Teacher', 'Clement@verizon.net', 9998959549),
(267, 'Cynthia', 267, 'Lecturer', 'Cynthia@optonline.net', 9942369727),
(268, 'Datta', 268, 'Professor', 'Datta@att.net', 9856187327),
(269, 'Deb', 269, 'Engineer', 'Deb@yahoo.ca', 9853730240),
(270, 'Deepak', 270, 'Govt Official', 'Deepak@yahoo.com', 9819576255),
(271, 'Amukthamalyadha', 271, 'Indian Service', 'Amukthamalyadha@sbcglobal.net', 9916073923),
(272, 'Anjali', 272, 'Accountant (general)', 'Anjali@live.com', 9999556037),
(273, 'Arshad', 273, 'Accounts clerk', 'Arshad@sbcglobal.net', 9819428295),
(274, 'Arulselvi', 274, 'Actor', 'Arulselvi@att.net', 9836073416),
(275, 'Arumugaperumal', 275, 'Actuary', 'Arumugaperumal@yahoo.com', 9996437454),
(276, 'Arun', 276, 'Acupuncturist', 'Arun@gmail.com', 9850495439),
(277, 'Balakrishna', 277, 'Advertising specialist', 'Balakrishna@hotmail.com', 9976000974),
(278, 'Bandyopadhyay', 278, 'Aeronautical engineer', 'Bandyopadhyay@hotmail.com', 9829681617),
(279, 'Bani', 279, 'Aeroplane pilot', 'Bani@yahoo.ca', 9953850833),
(280, 'Bansal', 280, 'Aged care worker', 'Bansal@yahoo.com', 9823195601),
(281, 'Barnela', 281, 'Agricultural consultant', 'Barnela@yahoo.ca', 9904235474),
(282, 'Bhagavathy', 282, 'Agricultural engineer', 'Bhagavathy@sbcglobal.net', 9981703122),
(283, 'Bhanu', 283, 'Agricultural scientist', 'Bhanu@comcast.net', 9880881621),
(284, 'Bharadwaj', 284, 'Air combat officer', 'Bharadwaj@hotmail.com', 9829552087),
(285, 'Bharathi', 285, 'General clerk', 'Bharathi@gmail.com', 9984455127),
(286, 'Bhattacharya', 286, 'General medical practitioner', 'Bhattacharya@optonline.net', 9829888473),
(287, 'Bhavya', 287, 'Geologist', 'Bhavya@optonline.net', 9824710106),
(288, 'Bhaumika', 288, 'Geophysicist', 'Bhaumika@me.com', 9904537564),
(289, 'Bhujangaiah', 289, 'Human resource manager', 'Bhujangaiah@hotmail.com', 9886083038),
(290, 'Bhuvana', 290, 'Hydrologist', 'Bhuvana@outlook.com', 9941541343),
(291, 'Abhinayasarvi', 291, 'Law clerk', 'Abhinayasarvi@verizon.net', 9917044704),
(292, 'Abhivardhan', 292, 'Legal secretary', 'Abhivardhan@icloud.com', 9952626154),
(293, 'Abhignya', 293, 'Dental therapist', 'Abhignya@live.com', 9809076715),
(294, 'Acharya', 294, 'Dentist', 'Acharya@comcast.net', 9866928621),
(295, 'Aditri', 295, 'Dermatologist', 'Aditri@comcast.net', 9969261551),
(296, 'Afshar', 296, 'Teacher', 'Afshar@gmail.com', 9958349298),
(297, 'Agrawal', 297, 'Lecturer', 'Agrawal@outlook.com', 9877670899),
(298, 'Ahmad', 298, 'Professor', 'Ahmad@mac.com', 9804973560),
(299, 'Aidan', 299, 'Engineer', 'Aidan@yahoo.ca', 9920890874),
(300, 'Aissa', 300, 'Govt Official', 'Aissa@outlook.com', 9913717755),
(301, 'Ajay', 301, 'Indian Service', 'Ajay@gmail.com', 9999999999),
(302, 'Ajit', 302, 'Btech', 'Ajit@yahoo.in', 9100910012);

-- --------------------------------------------------------

--
-- Table structure for table `student`
--

CREATE TABLE `student` (
  `sid` int(11) NOT NULL,
  `name` varchar(50) DEFAULT NULL,
  `gender` varchar(4) DEFAULT NULL,
  `standard` int(11) DEFAULT NULL,
  `section` varchar(4) DEFAULT NULL,
  `roll_no` int(11) DEFAULT NULL,
  `dob` varchar(15) DEFAULT NULL,
  `h_no` varchar(35) DEFAULT NULL,
  `colony` varchar(35) DEFAULT NULL,
  `area` varchar(35) DEFAULT NULL,
  `age` int(11) DEFAULT NULL
) ENGINE=InnoDB DEFAULT CHARSET=latin1;

--
-- Dumping data for table `student`
--

INSERT INTO `student` (`sid`, `name`, `gender`, `standard`, `section`, `roll_no`, `dob`, `h_no`, `colony`, `area`, `age`) VALUES
(1, 'Abhinayasarvi', 'f', 5, 'a', 1, '2006-10-10', '484-6531 At', 'Kalyanpuri', 'Uppal', 11),
(2, 'Abhivardhan', 'm', 6, 'a', 1, '2005-11-16', '817-1779 Nullam Av.', 'Srinivasa Colony', 'Banjara Hills', 12),
(3, 'Abhignya', 'f', 2, 'a', 1, '2010-02-19', 'P.O. Box 215', 'Balaji Hill Colony', 'Jubliee Hills', 8),
(4, 'Acharya', 'm', 1, 'a', 1, '2011-10-01', '5711 Semper Avenue', 'Boduppal', 'Tank Bund', 6),
(5, 'Aditri', 'f', 1, 'b', 1, '2011-09-17', '4962 Mollis. Rd.', 'Nagarjun Colony', 'Madhapur', 6),
(6, 'Afshar', 'm', 4, 'a', 1, '2008-02-16', '388-7952 Tortor', 'Gayathri Hills', 'GachiBowli', 10),
(7, 'Agrawal', 'f', 1, 'a', 2, '2010-08-26', 'Ap #147-6874 Integer St.', 'Hanuman Nagar colony', 'ECIL', 7),
(8, 'Ahmad', 'm', 9, 'a', 1, '2002-08-21', '4783 Vitae Rd.', 'Hema nagar colony', 'Janakpuri', 15),
(9, 'Aidan', 'f', 1, 'b', 2, '2012-01-17', 'P.O. Box 989', 'Vivekananda Nagar Colony', 'Vansthalipuram', 6),
(10, 'Aissa', 'f', 3, 'a', 1, '2009-01-25', 'P.O. Box 501', 'Budha Nagar', 'A S Rao Nagar', 9),
(11, 'Ajay', 'm', 7, 'a', 1, '2004-12-04', '6212 Parturient Avenue', 'Ngri Scrub Forest', 'Secunderabad', 13),
(12, 'Ajit', 'm', 6, 'b', 1, '2005-10-09', '5072 Aliquam Av.', 'Mallikarjuna Hills', 'Rcpuram', 12),
(13, 'Amukthamalyadha', 'f', 5, 'b', 1, '2007-01-05', 'P.O. Box 176', 'AHS Hills', 'Nallakunta', 11),
(14, 'Anjali', 'f', 3, 'b', 1, '2009-01-19', 'P.O. Box 743', 'Singareni Layout', 'Ghatkesar', 9),
(15, 'Arshad', 'm', 3, 'a', 2, '2009-11-06', '116-7651 Nulla. St.', 'BEML layout', 'Ameerpet', 9),
(16, 'Arulselvi', 'f', 4, 'b', 1, '2007-11-06', 'P.O. Box 883', 'Visalakshi Nagar', 'Ambali ', 10),
(17, 'Arumugaperumal', 'f', 1, 'a', 3, '2011-12-02', '4069 Aliquam Rd.', 'Dayal Nagar', 'seethammadhara', 6),
(18, 'Arun', 'm', 7, 'b', 1, '2004-12-04', 'P.O. Box 222', 'Nemo&Juliee Street', 'Bowliguda', 13),
(19, 'Balakrishna', 'm', 10, 'a', 1, '2001-08-13', 'P.O. Box 625', 'Road No 35', 'Rani Gunj', 16),
(20, 'Bandyopadhyay', 'f', 2, 'b', 2, '2009-05-15', 'P.O. Box 319', 'Dongri', 'Afzal Gunj', 8),
(21, 'Bani', 'f', 9, 'b', 1, '2002-12-25', '974-3631 Magna. Avenue', 'Washi', 'Old City', 15),
(22, 'Bansal', 'm', 10, 'b', 1, '2001-10-06', '271-8477 Lectus Rd.', 'Syed Ali Chabutra', 'Uppal', 16),
(23, 'Barnela', 'f', 4, 'a', 2, '2007-12-22', 'P.O. Box 888', 'Nehru Nagar', 'Banjara Hills', 10),
(24, 'Bhagavathy', 'f', 10, 'a', 2, '2001-10-13', '464-7893 Venenatis Ave', 'Vaibhav Hills', 'Jubliee Hills', 16),
(25, 'Bhanu', 'f', 2, 'a', 3, '2009-05-15', 'Ap #760-6700 Dui', 'Santhi Nagar Colony ', 'Tank Bund', 8),
(26, 'Bharadwaj', 'm', 8, 'a', 1, '2003-11-19', '8831 Aliquet. St.', 'malleshwaram', 'Madhapur', 14),
(27, 'Bharathi', 'f', 3, 'b', 2, '2008-05-13', 'P.O. Box 230', 'Hebbal', 'GachiBowli', 9),
(28, 'Bhattacharya', 'm', 9, 'a', 2, '2002-09-25', '4843 Aenean Ave', 'Richmond', 'ECIL', 15),
(29, 'Bhavya', 'f', 4, 'b', 2, '2007-04-08', '8288 Vestibulum Av.', 'Chandanagar', 'Janakpuri', 10),
(30, 'Bhaumika', 'f', 3, 'a', 3, '2009-11-06', 'P.O. Box 314', 'Asilimetta', 'Vansthalipuram', 9),
(31, 'Bhujangaiah', 'm', 6, 'a', 2, '2005-05-19', 'Ap #603-9340 Varius St.', 'Gandhi Nagar', 'A S Rao Nagar', 12),
(32, 'Bhuvana', 'f', 1, 'b', 3, '2011-10-30', 'Ap #759-639 Tellus. Rd.', 'MG Road', 'Secunderabad', 6),
(33, 'Bhuvaneshwari', 'f', 10, 'b', 2, '2001-05-04', 'Ap #785-1156 Vel St.', 'Royyapetah', 'Rcpuram', 16),
(34, 'Chadhran', 'm', 2, 'b', 3, '2009-12-12', 'P.O. Box 479', 'Domal nagar', 'Nallakunta', 8),
(35, 'Chamundeswari', 'f', 6, 'b', 2, '2005-03-31', '128-9450 Consequat Rd.', 'Vittalvadi colony ', 'Ghatkesar', 12),
(36, 'Chacko Babu', 'm', 1, 'a', 4, '2011-07-17', '9873 Libero. Av.', 'Kalyanpuri', 'Ameerpet', 6),
(37, 'Chandana', 'f', 10, 'a', 3, '2001-05-04', 'Ap #483-308 Fringilla Avenue', 'Srinivasa Colony', 'Ambali ', 16),
(38, 'Chandrasekhar', 'm', 5, 'a', 2, '2007-02-21', 'Ap #758-719 Nisi. Av.', 'Balaji Hill Colony', 'seethammadhara', 11),
(39, 'Chanisara', 'f', 4, 'a', 3, '2007-07-14', 'P.O. Box 687', 'Boduppal', 'Bowliguda', 10),
(40, 'Chauhan', 'm', 3, 'b', 3, '2008-09-23', 'Ap #227-9963 Nulla St.', 'Nagarjun Colony', 'Rani Gunj', 9),
(41, 'Chhaya', 'f', 6, 'a', 3, '2005-09-06', 'Ap #728-4808 Duis Street', 'Gayathri Hills', 'Afzal Gunj', 12),
(42, 'Chilagani', 'm', 8, 'b', 1, '2003-12-25', '946-3466 Egestas. St.', 'Hanuman Nagar colony', 'Old City', 14),
(43, 'Chinju', 'f', 5, 'b', 2, '2006-06-24', 'P.O. Box 719', 'Hema nagar colony', 'Uppal', 11),
(44, 'Chitra', 'f', 1, 'b', 4, '2010-12-27', 'P.O. Box 224', 'Vivekananda Nagar Colony', 'Banjara Hills', 7),
(45, 'Chitralegha', 'f', 6, 'b', 3, '2005-06-09', '9025 Amet St.', 'Budha Nagar', 'Jubliee Hills', 12),
(46, 'Chomya', 'f', 7, 'a', 2, '2004-05-09', 'P.O. Box 579', 'Ngri Scrub Forest', 'Tank Bund', 13),
(47, 'Choudhary', 'm', 5, 'a', 3, '2006-04-25', 'Ap #302-933 Placerat', 'Mallikarjuna Hills', 'Madhapur', 11),
(48, 'Clement', 'f', 4, 'b', 3, '2007-05-25', 'P.O. Box 583', 'AHS Hills', 'GachiBowli', 10),
(49, 'Cynthia', 'f', 9, 'b', 2, '2002-08-25', '7208 Eget St.', 'Singareni Layout', 'ECIL', 15),
(50, 'Datta', 'm', 1, 'a', 5, '2010-06-16', 'P.O. Box 672', 'BEML layout', 'Janakpuri', 7),
(51, 'Deb', 'm', 5, 'b', 3, '2006-12-05', 'P.O. Box 726', 'Visalakshi Nagar', 'Vansthalipuram', 11),
(52, 'Deepak', 'm', 9, 'a', 3, '2002-04-16', '786-8661 Hendrerit. St.', 'Dayal Nagar', 'A S Rao Nagar', 15),
(53, 'Deepali', 'f', 10, 'b', 3, '2001-07-30', '973-2369 Metus Rd.', 'Nemo&Juliee Street', 'Secunderabad', 16),
(54, 'Deepthi', 'f', 9, 'b', 3, '2002-05-01', '765-1022 Quis Avenue', 'Road No 35', 'Rcpuram', 15),
(55, 'Devi', 'f', 1, 'b', 5, '2010-12-17', '8260 Velit. Avenue', 'Dongri', 'Nallakunta', 7),
(56, 'Dewan', 'm', 9, 'a', 4, '2002-04-16', 'Ap #343-9888 Aenean Rd.', 'Washi', 'Ghatkesar', 15),
(57, 'Dhanalakshmi', 'f', 10, 'a', 4, '2001-06-29', '4177 Vel Rd.', 'Syed Ali Chabutra', 'Ameerpet', 16),
(58, 'Dhanushkodi', 'm', 8, 'a', 2, '2003-10-05', '1250 Lorem', 'Nehru Nagar', 'Ambali ', 14),
(59, 'Dharma', 'm', 10, 'b', 45, '2001-06-29', 'Ap #352-687 Pharetra. Ave', 'Vaibhav Hills', 'seethammadhara', 16),
(60, 'Dhavamany', 'f', 3, 'a', 4, '2008-08-04', '6447 Mattis Ave', 'Santhi Nagar Colony ', 'Bowliguda', 9),
(61, 'Durairaj', 'm', 2, 'a', 4, '2009-06-26', '5282 Aliquam Avenue', 'malleshwaram', 'Rani Gunj', 8),
(62, 'Dutta', 'm', 3, 'b', 4, '2009-11-06', '417-4419 Suspendisse Avenue', 'Hebbal', 'Afzal Gunj', 9),
(63, 'Duminy', 'm', 6, 'a', 4, '2005-04-20', '632-1558 Tempor Rd.', 'Richmond', 'Old City', 12),
(64, 'Dwivedi', 'm', 9, 'b', 4, '2002-07-14', 'Ap #283-9723 Adipiscing Road', 'Chandanagar', 'Uppal', 15),
(65, 'Ebenezer', 'm', 6, 'b', 4, '2005-09-05', '959 Libero. Avenue', 'Asilimetta', 'Banjara Hills', 12),
(66, 'Edwin', 'm', 7, 'b', 2, '2004-11-20', '788-8697 Felis Street', 'Gandhi Nagar', 'Jubliee Hills', 13),
(67, 'Egambaram', 'm', 9, 'a', 5, '2002-07-14', '815-4488 Amet Ave', 'MG Road', 'Tank Bund', 15),
(68, 'Elakkiya', 'm', 1, 'a', 6, '2011-08-23', 'Ap #946-7506 Dolor St.', 'Royyapetah', 'Madhapur', 6),
(69, 'Elango', 'f', 3, 'a', 5, '2008-11-16', '8583 Proin Street', 'Domal nagar', 'GachiBowli', 9),
(70, 'Elayaraja', 'f', 4, 'a', 4, '2008-02-25', '430-6831 Non Street', 'Vittalvadi colony ', 'ECIL', 10),
(71, 'Ephzibah', 'm', 1, 'b', 6, '2012-02-07', '875-3785 Inceptos Road', 'Kalyanpuri', 'Janakpuri', 6),
(72, 'Essoussi', 'm', 6, 'a', 5, '2005-12-24', '678-7244 Lectus. Rd.', 'Srinivasa Colony', 'Vansthalipuram', 12),
(73, 'Ezhilarasan', 'm', 2, 'b', 4, '2009-07-24', '957-6735 Blandit Av.', 'Balaji Hill Colony', 'A S Rao Nagar', 8),
(74, 'Ezhilarasi', 'm', 1, 'a', 7, '2010-11-21', '443-1611 Purus Ave', 'Boduppal', 'Secunderabad', 7),
(75, 'Faisal', 'f', 6, 'b', 5, '2005-04-20', 'Ap #845-8613 Nonummy Rd.', 'Nagarjun Colony', 'Rcpuram', 12),
(76, 'Fathima', 'f', 2, 'a', 5, '2009-11-03', '832-2285 Diam Road', 'Gayathri Hills', 'Nallakunta', 8),
(77, 'Fatma', 'm', 5, 'a', 4, '2006-08-03', 'Ap #640-408 Dictum Rd.', 'Hanuman Nagar colony', 'Ghatkesar', 11),
(78, 'Femilda', 'm', 6, 'a', 6, '2005-07-21', '802-143 Auctor Rd.', 'Hema nagar colony', 'Ameerpet', 12),
(79, 'Flemi', 'f', 1, 'b', 7, '2011-02-20', 'Ap #352-4649 Sem Av.', 'Vivekananda Nagar Colony', 'Ambali ', 7),
(80, 'Francis', 'm', 5, 'b', 4, '2006-06-04', 'P.O. Box 888', 'Budha Nagar', 'seethammadhara', 11),
(81, 'Gandhimathi', 'f', 1, 'a', 8, '2012-01-21', 'Ap #710-4027 Eleifend Rd.', 'Ngri Scrub Forest', 'Bowliguda', 6),
(82, 'Ganesan', 'm', 1, 'b', 8, '2011-02-20', '5523 Volutpat. Rd.', 'Mallikarjuna Hills', 'Rani Gunj', 7),
(83, 'Ganeshan', 'm', 5, 'a', 5, '2006-11-08', '6340 Mauris Av.', 'AHS Hills', 'Afzal Gunj', 11),
(84, 'Ganga', 'f', 8, 'b', 2, '2003-08-22', 'P.O. Box 236', 'Singareni Layout', 'Old City', 14),
(85, 'Gangadharan', 'm', 2, 'b', 5, '2009-11-03', '260-1817 Sagittis. Street', 'BEML layout', 'Uppal', 8),
(86, 'Gangwal', 'f', 3, 'b', 5, '2008-04-10', '6270 Lacinia Rd.', 'Visalakshi Nagar', 'Banjara Hills', 9),
(87, 'Gnanajothi', 'f', 9, 'b', 5, '2002-07-04', 'Ap #842-212 Dolor. Rd.', 'Dayal Nagar', 'Jubliee Hills', 15),
(88, 'Gnanapragasam', 'm', 3, 'a', 6, '2008-07-01', 'P.O. Box 627', 'Nemo&Juliee Street', 'Tank Bund', 9),
(89, 'Gnanaraj', 'm', 6, 'b', 5, '2005-03-26', '390 Risus. Road', 'Road No 35', 'Madhapur', 12),
(90, 'Hari', 'm', 1, 'a', 9, '2011-07-12', 'P.O. Box 540', 'Dongri', 'GachiBowli', 6),
(91, 'Haritha', 'f', 3, 'b', 6, '2009-11-06', 'Ap #697-4189 Tempor St.', 'Washi', 'ECIL', 9),
(92, 'Harleen', 'm', 7, 'a', 3, '2004-09-03', '453-2468 Inceptos Rd.', 'Syed Ali Chabutra', 'Janakpuri', 13),
(93, 'Harriet', 'm', 2, 'a', 6, '2010-02-25', '8955 Duis Rd.', 'Nehru Nagar', 'Vansthalipuram', 8),
(94, 'Harun', 'm', 3, 'a', 7, '2008-06-30', '7800 Magna. St.', 'Vaibhav Hills', 'A S Rao Nagar', 9),
(95, 'Hasija', 'f', 10, 'a', 5, '2001-08-13', 'Ap #305-3072 Ut Street', 'Santhi Nagar Colony ', 'Secunderabad', 16),
(96, 'Hee', 'f', 1, 'b', 9, '2011-01-13', 'P.O. Box 180', 'malleshwaram', 'Rcpuram', 7),
(97, 'Hema', 'f', 9, 'a', 6, '2003-01-13', 'P.O. Box 500', 'Hebbal', 'Nallakunta', 15),
(98, 'Hemalatha', 'f', 9, 'b', 6, '2003-01-13', '5123 Quam St.', 'Richmond', 'Ghatkesar', 15),
(99, 'Hemant', 'm', 4, 'b', 4, '2007-04-10', 'P.O. Box 459', 'Chandanagar', 'Ameerpet', 10),
(100, 'Hima', 'f', 3, 'b', 7, '2008-10-23', '937-1269 Ac Avenue', 'Asilimetta', 'Ambali ', 9),
(101, 'Hrishikesh', 'm', 1, 'a', 10, '2011-11-12', '69 Tac The Retreat', 'Gandhi Nagar', 'seethammadhara', 6),
(102, 'Ilango', 'm', 3, 'a', 8, '2008-04-02', '302 param apartments', 'MG Road', 'Bowliguda', 9),
(103, 'Ilavarasan', 'm', 9, 'a', 7, '2003-01-13', '21 viabhav chateau', 'Royyapetah', 'Rani Gunj', 15),
(104, 'Inbarani', 'f', 4, 'a', 5, '2007-10-13', '9 ross hill', 'Domal nagar', 'Afzal Gunj', 10),
(105, 'Indhumathi', 'f', 10, 'b', 5, '2002-01-20', '32 balaji enclave', 'Vittalvadi colony ', 'Old City', 16),
(106, 'Isaac', 'f', 7, 'b', 3, '2004-11-12', '123 sigmond bannerghat', 'Kalyanpuri', 'Uppal', 13),
(107, 'Ishan', 'm', 10, 'a', 6, '2002-01-20', '56 Satya villa', 'Srinivasa Colony', 'Banjara Hills', 16),
(108, 'Jabert', 'f', 5, 'b', 5, '2006-03-16', '67 jamuna enclave', 'Balaji Hill Colony', 'Jubliee Hills', 11),
(109, 'Jacob', 'm', 6, 'a', 6, '2005-03-06', '145 arpa mandir', 'Boduppal', 'Tank Bund', 12),
(110, 'Jafar', 'm', 5, 'a', 6, '2006-06-01', '100 Aurangazeb road', 'Nagarjun Colony', 'Madhapur', 11),
(111, 'Jayasimman', 'm', 7, 'a', 4, '2005-02-23', '124 east of chord road', 'Gayathri Hills', 'GachiBowli', 13),
(112, 'Jebakumari', 'f', 3, 'b', 8, '2008-08-24', '1346 Munjal Vadi', 'Hanuman Nagar colony', 'ECIL', 9),
(113, 'Jeethu', 'm', 9, 'b', 7, '2003-02-07', '1 Nizam Rangasthal', 'Hema nagar colony', 'Janakpuri', 15),
(114, 'Jeeva', 'm', 10, 'b', 6, '2002-01-20', '18 nayanik aruvelam', 'Vivekananda Nagar Colony', 'Vansthalipuram', 16),
(115, 'Jeevana', 'f', 7, 'b', 4, '2004-05-11', '91 james victor street', 'Budha Nagar', 'A S Rao Nagar', 13),
(116, 'Jeya', 'm', 7, 'a', 5, '2005-02-23', '9 navajyoth enclave', 'Ngri Scrub Forest', 'Secunderabad', 13),
(117, 'Jeyaran', 'm', 8, 'a', 3, '2003-04-25', '17 sky park', 'Mallikarjuna Hills', 'Rcpuram', 14),
(118, 'Kalaivani', 'f', 2, 'b', 6, '2009-08-21', '19 triangle network', 'AHS Hills', 'Nallakunta', 8),
(119, 'Kalavathi', 'f', 1, 'b', 10, '2012-02-20', '1610jayadeva nagar', 'Singareni Layout', 'Ghatkesar', 6),
(120, 'Kamal', 'm', 1, 'a', 11, '2010-10-28', '2221 disneyroad', 'BEML layout', 'Ameerpet', 7),
(121, 'Kanduri', 'm', 3, 'a', 9, '2008-06-01', '45 jailstreet', 'Visalakshi Nagar', 'Ambali ', 9),
(122, 'Kannan', 'm', 1, 'b', 11, '2010-05-08', 'plot6 napa valley', 'Dayal Nagar', 'seethammadhara', 7),
(123, 'Karmakar', 'm', 10, 'a', 7, '2002-01-20', '7 panarasi', 'Nemo&Juliee Street', 'Bowliguda', 16),
(124, 'kathirvalavakumar', 'm', 1, 'a', 12, '2011-03-28', '156 navajeevan residency', 'Road No 35', 'Rani Gunj', 6),
(125, 'Kathrotia', 'f', 6, 'b', 6, '2005-03-06', '12 venkatesh nilayam', 'Dongri', 'Afzal Gunj', 12),
(126, 'Katiravan', 'm', 1, 'b', 12, '2011-04-19', '13 bajaj colony', 'Washi', 'Old City', 6),
(127, 'Kaur', 'f', 3, 'b', 9, '2009-11-06', '57 jukin house', 'Syed Ali Chabutra', 'Uppal', 9),
(128, 'Kaushik', 'm', 2, 'a', 7, '2009-06-05', '19 portland street', 'Nehru Nagar', 'Banjara Hills', 8),
(129, 'Kavitha', 'f', 2, 'b', 7, '2009-11-22', '90 haming road', 'Vaibhav Hills', 'Jubliee Hills', 8),
(130, 'Kesavaraj', 'm', 2, 'a', 8, '2009-06-05', '5 manhattan building', 'Santhi Nagar Colony ', 'Tank Bund', 8),
(131, 'Khasnobish', 'm', 8, 'b', 3, '2003-11-03', 'mythrivanam', 'malleshwaram', 'Madhapur', 14),
(132, 'Lakshmi', 'f', 8, 'a', 4, '2004-01-21', 'sulekha house', 'Hebbal', 'GachiBowli', 14),
(133, 'Latha', 'f', 9, 'a', 8, '2002-11-07', 'blue moon ', 'Richmond', 'ECIL', 15),
(134, 'Lavanya', 'f', 1, 'a', 13, '2010-10-28', '1 True North', 'Chandanagar', 'Janakpuri', 7),
(135, 'Lawrence', 'm', 7, 'b', 5, '2004-06-15', 'vaidehi apartmentss', 'Asilimetta', 'Vansthalipuram', 13),
(136, 'Lebogang', 'm', 6, 'a', 7, '2005-08-21', '7 polo pack', 'Gandhi Nagar', 'A S Rao Nagar', 12),
(137, 'Lee', 'm', 9, 'b', 8, '2002-06-24', '89 pasildor', 'MG Road', 'Secunderabad', 15),
(138, 'Lehal', 'f', 2, 'b', 8, '2009-06-05', '45 gryfindor', 'Royyapetah', 'Rcpuram', 8),
(139, 'Leo', 'f', 10, 'b', 7, '2001-07-21', '80 slytherine', 'Domal nagar', 'Nallakunta', 16),
(140, 'Lertnattee', 'm', 2, 'a', 9, '2009-06-05', '12 huflepuff', 'Vittalvadi colony ', 'Ghatkesar', 8),
(141, 'Lija', 'f', 7, 'a', 6, '2004-08-02', '19 ravenclaw', 'Kalyanpuri', 'Ameerpet', 13),
(142, 'Limam', 'm', 2, 'b', 9, '2009-03-18', '78 winterfell', 'Srinivasa Colony', 'Ambali ', 8),
(143, 'Manish', 'm', 7, 'b', 6, '2004-06-08', '45 essos', 'Balaji Hill Colony', 'seethammadhara', 13),
(144, 'Manjira', 'f', 2, 'a', 10, '2009-06-05', '78 lannister house', 'Boduppal', 'Bowliguda', 8),
(145, 'Manju', 'f', 9, 'a', 9, '2002-06-24', '21 bolton house', 'Nagarjun Colony', 'Rani Gunj', 15),
(146, 'Manjuladevi', 'f', 4, 'b', 5, '2008-01-11', '10 targaryen house', 'Gayathri Hills', 'Afzal Gunj', 10),
(147, 'Manjunath', 'm', 9, 'b', 9, '2002-06-24', '13 kalisar', 'Hanuman Nagar colony', 'Old City', 15),
(148, 'Manjunatha', 'm', 8, 'b', 4, '2004-02-08', 'vivegama', 'Hema nagar colony', 'Uppal', 14),
(149, 'Manjup', 'm', 10, 'a', 8, '2001-08-31', 'ganapathi nilayam', 'Vivekananda Nagar Colony', 'Banjara Hills', 16),
(150, 'Manoj', 'm', 7, 'a', 7, '2004-08-02', 'gajendra 123', 'Budha Nagar', 'Jubliee Hills', 13),
(151, 'Manupriya', 'f', 5, 'b', 6, '2006-10-19', '71 subramanyam palace', 'Ngri Scrub Forest', 'Tank Bund', 11),
(152, 'Marati', 'f', 10, 'b', 8, '2001-08-31', 'maya mandir ', 'Mallikarjuna Hills', 'Madhapur', 16),
(153, 'Marimuthu', 'm', 9, 'a', 10, '2002-05-20', 'boothbangla', 'AHS Hills', 'GachiBowli', 15),
(154, 'Marshal', 'm', 10, 'a', 9, '2001-08-31', '91 aliens space station -1 ', 'Singareni Layout', 'ECIL', 16),
(155, 'Nallaperumal', 'm', 6, 'b', 7, '2005-09-14', '911 police station road', 'BEML layout', 'Janakpuri', 12),
(156, 'Nanda', 'm', 10, 'b', 9, '2001-08-31', 'plazza picsan 900', 'Visalakshi Nagar', 'Vansthalipuram', 16),
(157, 'Nandini', 'f', 1, 'b', 13, '2011-01-15', '18 karmakar link', 'Dayal Nagar', 'A S Rao Nagar', 7),
(158, 'Nandu', 'm', 8, 'a', 5, '2003-11-19', '1057 nemo juliee Square', 'Nemo&Juliee Street', 'Secunderabad', 14),
(159, 'Napoleon', 'm', 10, 'a', 10, '2001-08-31', '1872 priscilla wai ku du ', 'Road No 35', 'Rcpuram', 16),
(160, 'Narashimhamurthy', 'm', 7, 'b', 7, '2004-04-02', '100 aurangazeb road', 'Dongri', 'Nallakunta', 13),
(161, 'Narasimhamurthy', 'm', 6, 'a', 8, '2005-04-17', '1091 connaught place', 'Washi', 'Ghatkesar', 12),
(162, 'Narayanan', 'm', 1, 'a', 14, '2011-01-31', '12 nijam kitchen', 'Syed Ali Chabutra', 'Ameerpet', 7),
(163, 'Narendran', 'm', 4, 'a', 6, '2008-01-11', 'lucky street', 'Nehru Nagar', 'Ambali ', 10),
(164, 'Naseema', 'f', 8, 'b', 5, '2003-06-14', '74kalinga  street', 'Vaibhav Hills', 'seethammadhara', 14),
(165, 'Nasrullah', 'm', 9, 'b', 10, '2002-07-06', '19 lashkore nilayam', 'Santhi Nagar Colony ', 'Bowliguda', 15),
(166, 'Nayak', 'm', 2, 'b', 10, '2009-06-11', '12 zatura kalanik', 'malleshwaram', 'Rani Gunj', 8),
(167, 'Nazirabegum', 'f', 5, 'a', 7, '2006-06-18', '97 yamuna trample', 'Hebbal', 'Afzal Gunj', 11),
(168, 'Nelson', 'm', 4, 'b', 6, '2008-01-11', '797 lumbini', 'Richmond', 'Old City', 10),
(169, 'Neupane', 'f', 7, 'a', 8, '2004-09-30', '55 ntr park', 'Chandanagar', 'Uppal', 13),
(170, 'Nidhi', 'f', 2, 'a', 11, '2009-03-11', '89 linga temple', 'Asilimetta', 'Banjara Hills', 8),
(171, 'Nikita', 'f', 7, 'b', 8, '2004-09-30', '741 namo ragav nilayam', 'Gandhi Nagar', 'Jubliee Hills', 13),
(172, 'Padmavathi', 'f', 1, 'b', 14, '2011-04-26', '99 rajata', 'MG Road', 'Tank Bund', 6),
(173, 'Paheli', 'f', 7, 'a', 9, '2004-09-30', '45 poloni', 'Royyapetah', 'Madhapur', 13),
(174, 'Pal', 'm', 2, 'b', 11, '2009-06-11', '65 mahamandap', 'Domal nagar', 'GachiBowli', 8),
(175, 'Palaniappan', 'm', 1, 'a', 15, '2011-10-25', '78 yamuna street', 'Vittalvadi colony ', 'ECIL', 6),
(176, 'Palanisamy', 'm', 5, 'b', 7, '2006-07-06', '70 veda house', 'Kalyanpuri', 'Janakpuri', 11),
(177, 'Pallavi', 'f', 2, 'a', 12, '2009-04-28', '80 panipuri house', 'Srinivasa Colony', 'Vansthalipuram', 8),
(178, 'Pallikonda', 'm', 6, 'b', 8, '2005-06-13', '34 dog house', 'Balaji Hill Colony', 'A S Rao Nagar', 12),
(179, 'Paritosh', 'm', 8, 'a', 6, '2004-02-16', 'pacau nilayam', 'Boduppal', 'Secunderabad', 14),
(180, 'Pavani', 'f', 6, 'a', 9, '2005-06-13', 'macau road', 'Nagarjun Colony', 'Rcpuram', 12),
(181, 'Pazhanikumar', 'm', 4, 'a', 7, '2007-03-16', '12 hosur road', 'Gayathri Hills', 'Nallakunta', 10),
(182, 'Perera', 'm', 1, 'b', 15, '2011-05-24', '78 jamuna jangara', 'Hanuman Nagar colony', 'Ghatkesar', 6),
(183, 'Perumalsamy', 'm', 2, 'b', 12, '2009-08-03', '15 janamantram', 'Hema nagar colony', 'Ameerpet', 8),
(184, 'Pesaranghader', 'm', 8, 'b', 6, '2004-02-16', '82 rajaji bhavan', 'Vivekananda Nagar Colony', 'Ambali ', 14),
(185, 'Pethalakshmi', 'f', 8, 'a', 7, '2004-02-16', '19 water house', 'Budha Nagar', 'seethammadhara', 14),
(186, 'Philip', 'm', 2, 'a', 13, '2009-05-12', '15 elcrana bhava', 'Ngri Scrub Forest', 'Bowliguda', 8),
(187, 'Philomina', 'f', 6, 'b', 9, '2006-01-20', '89 national rec building', 'Mallikarjuna Hills', 'Rani Gunj', 12),
(188, 'Ponnusamy', 'f', 6, 'a', 10, '2005-12-24', '89 burj khalifa', 'AHS Hills', 'Afzal Gunj', 12),
(189, 'Pooja', 'f', 9, 'a', 11, '2002-03-06', '90 burj al haseena', 'Singareni Layout', 'Old City', 15),
(190, 'Poonam', 'f', 1, 'a', 16, '2010-12-14', '91 beam radiale', 'BEML layout', 'Old City', 7),
(191, 'Poongodi', 'f', 9, 'b', 11, '2002-04-23', '88 haman gusi ', 'Visalakshi Nagar', 'Uppal', 15),
(192, 'Poornima', 'f', 4, 'b', 7, '2007-11-19', '891 jump street', 'Dayal Nagar', 'Banjara Hills', 10),
(193, 'Prabha', 'm', 1, 'b', 16, '2011-07-31', '1 krishna niklayam ', 'Nemo&Juliee Street', 'Jubliee Hills', 6),
(194, 'Prabhu', 'm', 9, 'a', 12, '2002-03-06', '91 janakendra statue ', 'Road No 35', 'Tank Bund', 15),
(195, 'Pradeep', 'm', 8, 'b', 7, '2003-10-04', '10 electron house', 'Dongri', 'Madhapur', 14),
(196, 'Pragya', 'f', 10, 'b', 10, '2001-11-29', '18 fish bulding', 'Washi', 'GachiBowli', 16),
(197, 'Prakash', 'm', 5, 'a', 8, '2006-07-30', '189 nizam sanctum', 'Syed Ali Chabutra', 'ECIL', 11),
(198, 'Prasad', 'm', 6, 'b', 10, '2005-09-26', '9 tomb road', 'Nehru Nagar', 'Janakpuri', 12),
(199, 'Prasanthi', 'f', 6, 'a', 11, '2005-03-25', '31 jayavera kala mandap', 'Vaibhav Hills', 'Vansthalipuram', 12),
(200, 'Prasath', 'm', 8, 'a', 8, '2003-05-31', '90 nile valley', 'Santhi Nagar Colony ', 'A S Rao Nagar', 14),
(201, 'Prasenjit', 'm', 10, 'a', 11, '2001-09-18', '99 godavarkhani', 'malleshwaram', 'Secunderabad', 16),
(202, 'Prashanth', 'm', 2, 'b', 14, '2009-09-20', '9 hamlet ', 'Hebbal', 'Rcpuram', 8),
(203, 'Pratibha', 'f', 3, 'a', 10, '2008-02-28', '100 akbaar road', 'Richmond', 'Nallakunta', 9),
(204, 'Prudhvi', 'm', 3, 'b', 10, '2009-02-24', '91 birbal manshions', 'Chandanagar', 'Ghatkesar', 9),
(205, 'Rajendra', 'm', 4, 'a', 8, '2007-05-23', '97 jalian wala bagh ', 'Asilimetta', 'Ameerpet', 10),
(206, 'Rajendran', 'm', 9, 'b', 12, '2002-03-23', 'pojokilan', 'Gandhi Nagar', 'Ambali ', 15),
(207, 'Rajesh', 'm', 2, 'a', 15, '2009-06-26', '21 pokharan mile', 'MG Road', 'seethammadhara', 8),
(208, 'Rajeshkannan', 'm', 4, 'b', 8, '2007-04-01', '37 bandrong', 'Royyapetah', 'Bowliguda', 10),
(209, 'Rajeswari', 'f', 7, 'b', 9, '2004-02-28', '83 babai hotel', 'Domal nagar', 'Rani Gunj', 13),
(210, 'Rajinder', 'm', 5, 'b', 8, '2006-05-21', '65 kurdose kalapet', 'Vittalvadi colony ', 'Afzal Gunj', 11),
(211, 'Rajinikanth', 'm', 9, 'a', 13, '2002-03-23', '7 house rying ', 'Kalyanpuri', 'Old City', 15),
(212, 'Rajiv', 'm', 10, 'b', 11, '2001-05-30', '34 banana market', 'Srinivasa Colony', 'Uppal', 16),
(213, 'Raju', 'm', 4, 'a', 9, '2007-12-11', '46 jimple housea', 'Balaji Hill Colony', 'Banjara Hills', 10),
(214, 'Rakesh', 'm', 6, 'b', 11, '2005-12-09', '34 ambassdor house', 'Boduppal', 'Jubliee Hills', 12),
(215, 'Raksha', 'f', 1, 'a', 17, '2012-01-01', '98 audi nilayam ', 'Nagarjun Colony', 'Tank Bund', 6),
(216, 'Ram', 'm', 8, 'b', 8, '2003-09-14', '19 benz circle', 'Gayathri Hills', 'Madhapur', 14),
(217, 'Ramachandran', 'm', 1, 'b', 17, '2010-07-22', '28 cricket ground ', 'Hanuman Nagar colony', 'GachiBowli', 7),
(218, 'Ranga', 'm', 6, 'a', 12, '2005-12-09', '90 sid bhavan', 'Hema nagar colony', 'ECIL', 12),
(219, 'Rangasamy', 'm', 5, 'a', 9, '2007-02-08', '56 appanna society', 'Vivekananda Nagar Colony', 'Janakpuri', 11),
(220, 'Rani', 'f', 2, 'b', 15, '2009-12-09', '67 janaki infra', 'Budha Nagar', 'Vansthalipuram', 8),
(221, 'Rao', 'm', 1, 'a', 18, '2010-04-18', '79 ravi kumar nilayam', 'Ngri Scrub Forest', 'A S Rao Nagar', 7),
(222, 'Ravi', 'm', 5, 'b', 9, '2006-06-06', '97 prasanthi mandir', 'Mallikarjuna Hills', 'Secunderabad', 11),
(223, 'Ravichandran', 'm', 10, 'a', 12, '2001-04-21', '55 keli palace', 'AHS Hills', 'Rcpuram', 16),
(224, 'Reilly', 'm', 7, 'a', 10, '2004-05-23', '97 charitha chateue', 'Singareni Layout', 'Nallakunta', 13),
(225, 'Rekha', 'f', 2, 'a', 16, '2009-12-20', '66 vamsi building', 'BEML layout', 'Ghatkesar', 8),
(226, 'Renuga', 'f', 8, 'a', 9, '2003-11-27', '79 shreya enclave', 'Visalakshi Nagar', 'Ameerpet', 14),
(227, 'Rezaei', 'f', 5, 'a', 10, '2006-05-23', '21 prudhvi avenue', 'Dayal Nagar', 'Ambali ', 11),
(228, 'Riju', 'm', 7, 'b', 10, '2004-04-28', '997 vijay mandir', 'Nemo&Juliee Street', 'seethammadhara', 13),
(229, 'Rimi', 'm', 10, 'b', 12, '2001-09-21', '48 kalpana layout', 'Road No 35', 'Bowliguda', 16),
(230, 'Ritu', 'f', 9, 'b', 13, '2002-08-17', '12 ecil road', 'Dongri', 'Rani Gunj', 15),
(231, 'Robert', 'm', 4, 'b', 9, '2007-04-01', 'mount road 23 ', 'Washi', 'Afzal Gunj', 10),
(232, 'Rohit', 'm', 4, 'a', 10, '2008-01-22', '17  street rome ', 'Syed Ali Chabutra', 'Old City', 10),
(233, 'Sandeep', 'm', 6, 'b', 12, '2005-08-14', '565 malhotra bhavan', 'Nehru Nagar', 'Uppal', 12),
(234, 'Sangeetha', 'f', 1, 'b', 18, '2010-03-08', '99 chawla gadhi ', 'Vaibhav Hills', 'Banjara Hills', 7),
(235, 'Sanjeev', 'm', 7, 'a', 11, '2004-04-28', '67 kapoor palace', 'Santhi Nagar Colony ', 'Jubliee Hills', 13),
(236, 'Sankaran', 'm', 9, 'a', 14, '2002-08-17', '786 agarwal nilayam', 'malleshwaram', 'Tank Bund', 15),
(237, 'Shantharamu', 'm', 3, 'a', 11, '2008-03-06', '65 reddy sathram ', 'Hebbal', 'Madhapur', 9),
(238, 'Sharath', 'm', 6, 'a', 13, '2005-07-20', '90 timpany street', 'Richmond', 'GachiBowli', 12),
(239, 'Sharma', 'm', 1, 'a', 19, '2011-11-03', '37 kanara colony', 'Chandanagar', 'ECIL', 6),
(240, 'Shashikala', 'f', 2, 'b', 16, '2009-10-24', '100 my home', 'Asilimetta', 'Janakpuri', 8),
(241, 'Sheela', 'f', 9, 'b', 14, '2003-01-11', '109 my home', 'Gandhi Nagar', 'Vansthalipuram', 15),
(242, 'Shreya', 'f', 8, 'b', 9, '2003-04-04', '18 aparna housing', 'MG Road', 'A S Rao Nagar', 14),
(243, 'Shreyas', 'm', 1, 'b', 19, '2010-05-21', '76 nima way ', 'Royyapetah', 'Secunderabad', 7),
(244, 'Shreyasi', 'f', 3, 'b', 11, '2008-06-07', '89 mondalez', 'Domal nagar', 'Rcpuram', 9),
(245, 'Shrivastava', 'm', 8, 'a', 10, '2003-11-07', '78 peepul boulevard', 'Vittalvadi colony ', 'Nallakunta', 14),
(246, 'Shyamala', 'f', 4, 'b', 10, '2007-05-23', 'asgard', 'Kalyanpuri', 'Ghatkesar', 10),
(247, 'Sibansu', 'm', 4, 'a', 11, '2007-09-23', '1000 blue earth', 'Srinivasa Colony', 'Ameerpet', 10),
(248, 'Simon', 'm', 3, 'a', 12, '2009-02-01', 'dj next 190', 'Balaji Hill Colony', 'Ambali ', 9),
(249, 'Singh', 'm', 9, 'a', 15, '2003-01-24', '456 shift ', 'Boduppal', 'seethammadhara', 15),
(250, 'Singla', 'm', 5, 'b', 10, '2006-04-23', 'Akiliean ', 'Nagarjun Colony', 'Bowliguda', 11),
(251, 'Subetha', 'f', 4, 'b', 11, '2008-01-27', 'limboro', 'Gayathri Hills', 'Rani Gunj', 10),
(252, 'Subramanian', 'm', 10, 'a', 13, '2001-10-29', '12 kings cross', 'Hanuman Nagar colony', 'Afzal Gunj', 16),
(253, 'Sudipta', 'f', 8, 'b', 10, '2003-12-07', '12 b baker street', 'Hema nagar colony', 'Old City', 14),
(254, 'Suganya', 'f', 2, 'a', 17, '2010-01-01', 'trafalgar square', 'Vivekananda Nagar Colony', 'Uppal', 8),
(255, 'Sugney', 'f', 10, 'b', 13, '2001-10-29', 'kings cross', 'Budha Nagar', 'Banjara Hills', 16),
(256, 'Suhanya', 'f', 7, 'b', 11, '2004-09-03', 'palace de royale', 'Ngri Scrub Forest', 'Jubliee Hills', 13),
(257, 'Suhas', 'm', 6, 'b', 13, '2005-11-05', 'jahapana', 'Mallikarjuna Hills', 'Tank Bund', 12),
(258, 'Suhil', 'm', 1, 'a', 20, '2011-11-04', 'rambabu nagara 199', 'AHS Hills', 'Madhapur', 6),
(259, 'Sukumaran', 'm', 7, 'a', 12, '2004-11-02', 'james street 007', 'Singareni Layout', 'GachiBowli', 13),
(260, 'Sumalatha', 'f', 9, 'b', 15, '2003-02-13', 'comuntrix', 'BEML layout', 'ECIL', 15),
(261, 'Suman', 'm', 9, 'a', 16, '2002-09-08', 'marx main 198', 'Visalakshi Nagar', 'Janakpuri', 15),
(262, 'Tanmay', 'm', 10, 'a', 14, '2002-02-16', 'nawab room ', 'Dayal Nagar', 'Vansthalipuram', 16),
(263, 'Taraneenadh', 'm', 7, 'b', 12, '2004-11-02', '17 oyo street ', 'Nemo&Juliee Street', 'A S Rao Nagar', 13),
(264, 'Tarang', 'm', 1, 'b', 20, '2011-05-14', '89 gold smith\'s', 'Road No 35', 'Secunderabad', 6),
(265, 'Tawfik', 'f', 1, 'a', 21, '2011-09-26', '91 kingsmen ', 'Dongri', 'Rcpuram', 6),
(266, 'Thakur', 'm', 1, 'b', 21, '2011-09-26', '98 angorkar', 'Washi', 'Nallakunta', 6),
(267, 'Thamarai', 'm', 8, 'a', 11, '2003-09-27', '77 wat road', 'Syed Ali Chabutra', 'Ghatkesar', 14),
(268, 'Tarang', 'm', 3, 'b', 12, '2008-07-31', '234 voi nilayam ', 'Nehru Nagar', 'Ameerpet', 9),
(269, 'Tirthankar', 'm', 2, 'b', 17, '2009-07-19', 'vohra nilayam ', 'Vaibhav Hills', 'Ambali ', 8),
(270, 'Tiruvenkadam', 'm', 9, 'b', 16, '2002-06-15', 'palais royale', 'Santhi Nagar Colony ', 'seethammadhara', 15),
(271, 'Triny', 'm', 1, 'a', 22, '2010-11-15', 'minister quarters 28 ', 'malleshwaram', 'Bowliguda', 7),
(272, 'Uddin', 'm', 1, 'b', 22, '2010-11-11', 'udaya raja nilayam 88 ', 'Hebbal', 'Rani Gunj', 7),
(273, 'Udhayakumar', 'm', 10, 'b', 14, '2002-02-16', '76 undrajavaram ', 'Richmond', 'Afzal Gunj', 16),
(274, 'Uma', 'f', 9, 'a', 17, '2002-04-26', '89 beasant road', 'Chandanagar', 'Old City', 15),
(275, 'Umadevi', 'f', 3, 'a', 13, '2008-01-31', 'prem nilayam', 'Asilimetta', 'Uppal', 9),
(276, 'Umamaheswari', 'f', 1, 'a', 23, '2011-03-30', 'lucy nilayam 19 ', 'Gandhi Nagar', 'Banjara Hills', 6),
(277, 'Vadivelou', 'm', 3, 'b', 13, '2008-09-23', 'bhavana nilayam 47 ', 'MG Road', 'Jubliee Hills', 9),
(278, 'Vaidehi', 'f', 1, 'b', 23, '2010-04-18', '98 niagra jan\'l', 'Royyapetah', 'Tank Bund', 7),
(279, 'Vaibhav', 'm', 6, 'a', 14, '2005-11-02', 'tac 32 ', 'Domal nagar', 'Madhapur', 12),
(280, 'Vamsi', 'm', 7, 'a', 14, '2004-11-21', '19 vatre\'de ivore', 'Vittalvadi colony ', 'GachiBowli', 13),
(281, 'Varun', 'm', 8, 'b', 11, '2003-08-18', 'liam loud 18', 'Kalyanpuri', 'ECIL', 14),
(282, 'Veda', 'f', 8, 'a', 12, '2003-05-22', '1057 nemo place', 'Srinivasa Colony', 'Janakpuri', 14),
(283, 'Vijender', 'm', 4, 'a', 12, '2007-06-16', 'polonium radium 18', 'Balaji Hill Colony', 'Vansthalipuram', 10),
(284, 'Vincent', 'm', 6, 'b', 14, '2005-08-22', 'tower A 12 ', 'Boduppal', 'A S Rao Nagar', 12),
(285, 'Vinod', 'm', 7, 'b', 14, '2004-09-03', 'ingro 12', 'Nagarjun Colony', 'Secunderabad', 13),
(286, 'Vipul', 'm', 1, 'a', 24, '2010-08-04', '78 glow glasbow', 'Gayathri Hills', 'Rcpuram', 7),
(287, 'Vishal', 'm', 9, 'b', 17, '2002-06-28', '21 Merriam string ', 'Hanuman Nagar colony', 'Nallakunta', 15),
(288, 'Vishwakarma', 'm', 8, 'b', 12, '2003-04-03', 'Lakkagruham', 'Hema nagar colony', 'Ghatkesar', 14),
(289, 'Visu', 'm', 5, 'a', 11, '2007-01-17', '189 jump roe', 'Vivekananda Nagar Colony', 'Ameerpet', 11),
(290, 'Vuppala', 'm', 1, 'b', 24, '2010-12-01', '9 nilgirs apartments', 'Budha Nagar', 'Ambali ', 7),
(291, 'Waad', 'm', 1, 'a', 25, '2011-08-13', ' 6 sheshadri', 'Ngri Scrub Forest', 'seethammadhara', 6),
(292, 'Wahi', 'f', 4, 'b', 12, '2007-11-09', '7 hills apartments', 'Mallikarjuna Hills', 'Bowliguda', 10),
(293, 'Wei', 'f', 7, 'a', 15, '2004-07-02', '8 balls pool building', 'AHS Hills', 'Rani Gunj', 13),
(294, 'Wilscy', 'f', 3, 'a', 14, '2008-04-13', '8763 gora nilayam', 'Singareni Layout', 'Afzal Gunj', 9),
(295, 'Xavier', 'm', 4, 'a', 13, '2007-11-08', '38 jaydev road', 'BEML layout', 'Old City', 10),
(296, 'Yashwanth', 'm', 5, 'b', 11, '2006-10-09', '88 harman kondron ', 'Visalakshi Nagar', 'Uppal', 11),
(297, 'Yenatfanta', 'm', 6, 'a', 15, '2006-02-08', 'konda mangal street', 'Dayal Nagar', 'Banjara Hills', 12),
(298, 'Yuanhao', 'm', 1, 'b', 25, '2011-06-25', 'putrajaya 19', 'Nemo&Juliee Street', 'Jubliee Hills', 6),
(299, 'Zada', 'm', 3, 'b', 14, '2008-09-01', 'red radium building', 'Road No 35', 'Tank Bund', 9),
(300, 'Zeyar', 'm', 6, 'b', 15, '2006-12-21', 'hamara nilayam', 'Dongri', 'Madhapur', 12),
(301, 'Zhanga', 'f', 6, 'a', 16, '2006-02-05', 'Jaha jindagi 34', 'Washi', 'GachiBowli', 12),
(302, 'Zhaoa', 'f', 8, 'a', 13, '2003-03-04', 'kimberley gold farm', 'Syed Ali Chabutra', 'ECIL', 14);

-- --------------------------------------------------------

--
-- Table structure for table `teacher`
--

CREATE TABLE `teacher` (
  `tid` int(11) NOT NULL,
  `tname` varchar(50) DEFAULT NULL,
  `degree` varchar(10) DEFAULT NULL,
  `phno` bigint(20) DEFAULT NULL
) ENGINE=InnoDB DEFAULT CHARSET=latin1;

--
-- Dumping data for table `teacher`
--

INSERT INTO `teacher` (`tid`, `tname`, `degree`, `phno`) VALUES
(1, 'T.Padmaja', 'Msc', 9833330684),
(2, 'C.Sunder', 'MBA', 9838788605),
(3, 'k.Mahesh', 'MA', 9918836735),
(4, 'Aruna', 'Bsc', 9836359681),
(5, 'Loosa', 'B.ed', 9929987585),
(6, 'Chinmayi', 'Bcom', 9989166596),
(7, 'Venkat Ratnam', 'B.tech', 9896710662),
(8, 'Venu Gopal', 'MA', 9972712455),
(9, 'Vijaya Laksmi', 'Bsc', 9871398411),
(10, 'Suma.P', 'B.ed', 9808035852),
(11, 'Srivalli', 'MA', 9828555790),
(12, 'Prasanthi', 'Bcom', 9973314069),
(13, 'Satish', 'MBA', 9964347927),
(14, 'Uma Devi', 'MA', 9852586013),
(15, 'Denna Shaw', 'Bsc', 9834610208),
(16, 'Janaki', 'B.tech', 9829460520),
(17, 'Appanna', 'Bcom', 9914684456),
(18, 'Roshan Abbas', 'B.tech', 9994732078),
(19, 'John', 'Bsc', 9819206709),
(20, 'Tara Singh', 'M.phil', 9972427320),
(21, 'Sri latha', 'B.ed', 9899484217),
(22, 'Praneeth', 'Bcom', 9988185658),
(23, 'Lavakusha', 'Bsc', 9925082686),
(24, 'SriKanth', 'Bcom', 9997235267),
(25, 'Sashidhar', 'B.ed', 9806514757),
(26, 'Snehasis', 'B.tech', 9802376785),
(27, 'ShivRam', 'MA', 9914834003),
(28, 'RamaKrishna', 'MBA', 9815563351),
(29, 'Rajendra', 'MA', 9875408996),
(30, 'Sailaja', 'MBA', 9978554983);

-- --------------------------------------------------------

--
-- Table structure for table `teaches`
--

CREATE TABLE `teaches` (
  `tid` int(11) NOT NULL,
  `subject` varchar(12) NOT NULL,
  `cid` int(11) NOT NULL
) ENGINE=InnoDB DEFAULT CHARSET=latin1;

--
-- Dumping data for table `teaches`
--

INSERT INTO `teaches` (`tid`, `subject`, `cid`) VALUES
(1, 'Telugu', 101),
(1, 'Telugu', 204),
(1, 'Telugu', 504),
(2, 'Maths', 101),
(2, 'Maths', 301),
(2, 'Maths', 304),
(3, 'Science', 101),
(3, 'Science', 301),
(3, 'Science', 303),
(3, 'Science', 403),
(4, 'English', 102),
(4, 'English', 301),
(5, 'Telugu', 102),
(5, 'Telugu', 301),
(5, 'Telugu', 304),
(5, 'Telugu', 403),
(6, 'Science', 102),
(6, 'Science', 103),
(7, 'English', 103),
(7, 'English', 303),
(7, 'English', 404),
(8, 'Hindi', 204),
(8, 'Hindi', 303),
(8, 'Hindi', 403),
(8, 'Hindi', 404),
(8, 'Telugu', 103),
(8, 'Telugu', 203),
(8, 'Telugu', 404),
(8, 'Telugu', 502),
(9, 'Maths', 104),
(9, 'Maths', 203),
(9, 'Maths', 402),
(9, 'Maths', 404),
(9, 'Maths', 504),
(10, 'English', 204),
(10, 'English', 304),
(10, 'English', 402),
(10, 'English', 503),
(10, 'English', 504),
(10, 'Science', 104),
(10, 'Science', 302),
(10, 'Science', 401),
(10, 'Science', 501),
(10, 'Science', 502),
(10, 'Science', 503),
(11, 'English', 201),
(12, 'Hindi', 201),
(12, 'Hindi', 203),
(12, 'Hindi', 302),
(12, 'Hindi', 304),
(12, 'Hindi', 402),
(12, 'Hindi', 502),
(12, 'Hindi', 504),
(13, 'Telugu', 201),
(13, 'Telugu', 303),
(13, 'Telugu', 501),
(14, 'Maths', 201),
(14, 'Maths', 204),
(14, 'Maths', 401),
(14, 'Maths', 403),
(15, 'Social', 104),
(15, 'Social', 204),
(15, 'Social', 303),
(15, 'Social', 402),
(15, 'Social', 502),
(15, 'Telugu', 202),
(15, 'Telugu', 402),
(15, 'Telugu', 503),
(16, 'Telugu', 104),
(16, 'Telugu', 302),
(16, 'Telugu', 401),
(17, 'English', 104),
(17, 'English', 302),
(17, 'English', 403),
(18, 'Hindi', 103),
(18, 'Hindi', 104),
(18, 'Hindi', 202),
(19, 'Social', 103),
(19, 'Social', 301),
(20, 'Maths', 103),
(20, 'Maths', 202),
(20, 'Maths', 302),
(20, 'Maths', 502),
(21, 'Hindi', 101),
(21, 'Hindi', 102),
(21, 'Hindi', 301),
(21, 'Hindi', 401),
(21, 'Hindi', 501),
(21, 'Hindi', 503),
(22, 'Social', 102),
(22, 'Social', 302),
(22, 'Social', 403),
(22, 'Social', 504),
(23, 'Maths', 102),
(23, 'Maths', 303),
(23, 'Maths', 501),
(23, 'Maths', 503),
(24, 'English', 101),
(24, 'English', 501),
(25, 'Social', 101),
(25, 'Social', 404),
(25, 'Social', 503),
(26, 'Social', 201),
(26, 'Social', 304),
(26, 'Social', 501),
(27, 'Science', 202),
(27, 'Science', 203),
(27, 'Science', 304),
(27, 'Science', 404),
(28, 'English', 202),
(28, 'English', 203),
(28, 'English', 401),
(28, 'English', 502),
(29, 'Social', 202),
(29, 'Social', 203),
(29, 'Social', 401),
(30, 'Science', 201),
(30, 'Science', 204),
(30, 'Science', 402),
(30, 'Science', 504);

-- --------------------------------------------------------

--
-- Table structure for table `users`
--

CREATE TABLE `users` (
  `uid` int(11) NOT NULL,
  `uname` varchar(50) DEFAULT NULL,
  `pass` varchar(25) DEFAULT NULL
) ENGINE=InnoDB DEFAULT CHARSET=latin1;

--
-- Dumping data for table `users`
--

INSERT INTO `users` (`uid`, `uname`, `pass`) VALUES
(1, 'veda', 'veda10'),
(2, 'prudhvi', 'frudhvi');

--
-- Indexes for dumped tables
--

--
-- Indexes for table `classroom`
--
ALTER TABLE `classroom`
  ADD PRIMARY KEY (`cid`);

--
-- Indexes for table `feedetails`
--
ALTER TABLE `feedetails`
  ADD PRIMARY KEY (`standard`);

--
-- Indexes for table `grade`
--
ALTER TABLE `grade`
  ADD PRIMARY KEY (`sid`,`standard`);

--
-- Indexes for table `parent`
--
ALTER TABLE `parent`
  ADD PRIMARY KEY (`pid`),
  ADD KEY `parent_ibfk_1` (`sid`);

--
-- Indexes for table `student`
--
ALTER TABLE `student`
  ADD PRIMARY KEY (`sid`);

--
-- Indexes for table `teacher`
--
ALTER TABLE `teacher`
  ADD PRIMARY KEY (`tid`);

--
-- Indexes for table `teaches`
--
ALTER TABLE `teaches`
  ADD PRIMARY KEY (`tid`,`subject`,`cid`);

--
-- Indexes for table `users`
--
ALTER TABLE `users`
  ADD PRIMARY KEY (`uid`);

--
-- AUTO_INCREMENT for dumped tables
--

--
-- AUTO_INCREMENT for table `parent`
--
ALTER TABLE `parent`
  MODIFY `pid` int(11) NOT NULL AUTO_INCREMENT, AUTO_INCREMENT=303;

--
-- AUTO_INCREMENT for table `student`
--
ALTER TABLE `student`
  MODIFY `sid` int(11) NOT NULL AUTO_INCREMENT, AUTO_INCREMENT=303;

--
-- AUTO_INCREMENT for table `users`
--
ALTER TABLE `users`
  MODIFY `uid` int(11) NOT NULL AUTO_INCREMENT, AUTO_INCREMENT=3;

--
-- Constraints for dumped tables
--

--
-- Constraints for table `parent`
--
ALTER TABLE `parent`
  ADD CONSTRAINT `parent_ibfk_1` FOREIGN KEY (`sid`) REFERENCES `student` (`sid`) ON DELETE CASCADE ON UPDATE CASCADE;

--
-- Constraints for table `teaches`
--
ALTER TABLE `teaches`
  ADD CONSTRAINT `teaches_ibfk_1` FOREIGN KEY (`tid`) REFERENCES `teacher` (`tid`);
COMMIT;

/*!40101 SET CHARACTER_SET_CLIENT=@OLD_CHARACTER_SET_CLIENT */;
/*!40101 SET CHARACTER_SET_RESULTS=@OLD_CHARACTER_SET_RESULTS */;
/*!40101 SET COLLATION_CONNECTION=@OLD_COLLATION_CONNECTION */;
